,score,response_length,grammer_error,readability,type_token_ratio,mean_sentence_length,coherence,sentiment,Clarity of the Challenge,Impact Explanation,Lesson Learned,Depth of Reflection
0,3,110,0.0,78.28,0.6475409836065574,20.33333333333333,0.4870870113372803,0.9995718598365784,1,1,1,1
1,3,70,0.1142857142857142,91.11,0.7654320987654321,16.2,0.3218760192394256,-0.9863816499710084,1,1,1,1
2,3,135,0.0148148148148148,-65.56,0.6788321167883211,137.0,0.0,0.9955653548240662,2,1,2,1
3,2,109,0.0,47.18,0.6842105263157895,19.0,0.3084838688373565,0.9949100613594056,1,1,1,1
4,3,53,0.1132075471698113,49.52,0.7213114754098361,15.25,0.4345608949661255,-0.9890422224998474,2,1,1,1
5,5,114,0.0087719298245614,71.85,0.7258064516129032,17.714285714285715,0.3623125553131103,0.9752653241157532,2,1,2,1
6,4,102,0.0,37.3,0.7008547008547008,19.5,0.3493818342685699,0.9976276755332948,2,2,2,2
7,5,150,0.3133333333333333,79.9,0.5823529411764706,18.88888888888889,0.2792113125324249,0.9805126190185548,1,1,2,1
8,4,99,0.0,59.84,0.7321428571428571,22.4,0.2739691138267517,0.7107344269752502,2,2,2,2
9,3,106,0.0,45.05,0.728,20.83333333333333,0.3058962821960449,-0.9960343241691588,2,2,1,1
10,4,67,0.0,83.25,0.7866666666666666,15.0,0.4113427102565765,0.9902798533439636,2,1,2,1
11,4,106,0.0,64.61,0.717948717948718,16.714285714285715,0.340585857629776,0.9978111386299132,2,1,2,1
12,3,43,0.0232558139534883,10.91,0.9111111111111112,45.0,0.0,-0.9978431463241576,1,1,1,1
13,5,87,0.0459770114942528,-23.27,0.8089887640449438,89.0,0.0,0.9979668259620668,2,2,2,2
14,4,111,0.0,86.54,0.6209677419354839,20.666666666666668,0.4285352826118469,0.9972956776618958,2,1,1,1
15,2,79,0.0253164556962025,8.21,0.7560975609756098,82.0,0.0,0.9994858503341676,1,1,1,1
16,4,118,0.0,76.86,0.6875,21.33333333333333,0.4318231046199798,0.9984297156333924,1,1,2,1
17,3,87,0.0,73.68,0.693069306930693,16.833333333333332,0.4176194071769714,0.9988071918487548,2,1,2,1
18,3,106,0.0,33.04,0.75,24.0,0.4388632178306579,0.9992316961288452,2,2,2,2
19,2,123,0.0,55.84,0.6344827586206897,18.125,0.2187949866056442,0.998862624168396,1,1,1,1
20,5,119,0.0,45.76,0.6492537313432836,19.142857142857142,0.5100080370903015,0.9990962743759156,2,2,2,2
21,2,84,0.0119047619047619,-30.71,0.7647058823529411,85.0,0.0,-0.9837305545806884,1,1,0,1
22,5,140,0.0142857142857142,-62.17,0.7430555555555556,144.0,0.0,0.9777423739433287,2,2,2,2
23,5,148,0.0945945945945946,37.91,0.6369047619047619,18.666666666666668,0.4761211276054382,0.9988565444946288,2,2,2,2
24,3,187,0.2032085561497326,54.32,0.6575342465753424,19.90909090909091,0.2606455087661743,-0.9972589015960692,2,2,2,2
25,3,150,0.1066666666666666,46.06,0.6588235294117647,18.88888888888889,0.4029604792594909,0.9994187355041504,2,1,2,1
26,4,102,0.0,31.28,0.6859504132231405,17.285714285714285,0.3528235852718353,-0.9946997165679932,2,2,2,2
27,2,102,0.0,73.58,0.6875,18.285714285714285,0.2540313899517059,-0.99091899394989,1,1,1,1
28,4,174,0.1839080459770115,40.89,0.6649746192893401,24.625,0.4904923439025879,0.9880240559577942,2,2,2,2
29,4,77,0.0,66.94,0.7674418604651163,14.333333333333334,0.2294442355632782,0.5506603717803955,2,1,2,1
30,4,114,0.0,-61.16,0.7280701754385965,114.0,0.0,0.953335165977478,2,2,2,2
31,4,103,0.0,45.12,0.7431192660550459,36.333333333333336,0.501012921333313,0.978992998600006,1,1,2,1
32,4,137,0.2043795620437956,51.58,0.6727272727272727,18.33333333333333,0.2356792688369751,0.5780140161514282,1,1,2,2
33,4,173,0.0,68.91,0.6069651741293532,22.33333333333333,0.4077815115451813,0.998528003692627,2,2,2,2
34,3,55,0.0,27.52,0.78125,21.33333333333333,0.461057186126709,0.9798881411552428,2,1,2,1
35,2,102,0.0,33.85,0.7203389830508474,23.6,0.3676408529281616,-0.9020852446556092,2,1,1,1
36,4,109,0.0,44.54,0.6611570247933884,20.166666666666668,0.5409587621688843,0.9951913356781006,2,2,2,2
37,3,98,0.0816326530612244,65.73,0.6637931034482759,16.571428571428573,0.3564164340496063,0.9900652766227722,1,1,1,1
38,3,101,0.1089108910891089,56.86,0.6608695652173913,16.428571428571427,0.329601377248764,-0.9994187355041504,2,2,1,1
39,4,115,0.2782608695652174,43.53,0.6692307692307692,21.666666666666668,0.4346803724765777,-0.9867568016052246,2,2,2,2
40,3,162,0.0,44.75,0.659217877094972,19.88888888888889,0.3414565324783325,0.9987310767173768,2,2,2,2
41,4,101,0.0,39.94,0.6779661016949152,16.857142857142858,0.4095079898834228,0.9381970167160034,2,2,2,2
42,4,104,0.0865384615384615,73.27,0.5932203389830508,16.857142857142858,0.3669430315494537,0.9962032437324524,2,2,2,2
43,5,151,0.0,66.47,0.676829268292683,23.428571428571427,0.3671636581420898,0.9969549179077148,2,2,2,2
44,2,86,0.0,45.56,0.7272727272727273,19.8,0.231643259525299,0.9361280798912048,2,1,0,1
45,4,205,0.0,50.67,0.62882096069869,22.9,0.3828981816768646,-0.9991889595985411,2,2,2,2
46,3,110,0.0,52.9,0.6694214876033058,20.166666666666668,0.4325071275234222,0.993297517299652,2,1,2,1
47,3,208,0.0144230769230769,-114.27,0.6484018264840182,219.0,0.0,-0.9968467354774476,2,2,1,1
48,3,129,0.0,88.97,0.5821917808219178,18.25,0.4501211643218994,-0.999273121356964,2,2,0,1
49,3,163,0.0,42.31,0.6284153005464481,22.875,0.4455292224884033,-0.980263650417328,2,1,2,1
50,5,100,0.0,25.8,0.7304347826086957,23.0,0.4479494094848633,-0.986729085445404,2,2,2,2
51,3,49,0.2040816326530612,58.99,0.8620689655172413,14.5,0.1973110884428024,0.9865754246711732,2,1,2,1
52,3,124,0.1209677419354838,81.12,0.6830985915492958,17.75,0.2352007180452346,-0.9951778650283812,2,2,1,1
53,2,64,0.0,80.62,0.68,18.75,0.2269831299781799,-0.9611576199531556,1,1,1,1
54,2,152,0.006578947368421,79.6,0.5737704918032787,20.33333333333333,0.3002688288688659,-0.705398678779602,2,1,1,1
55,3,157,0.0254777070063694,87.65,0.6023391812865497,19.0,0.4345811605453491,0.999698519706726,1,1,2,1
56,3,116,0.1293103448275862,82.14,0.6277372262773723,17.125,0.3900521695613861,0.9984286427497864,1,1,2,1
57,3,103,0.0,48.09,0.680672268907563,17.0,0.5082522034645081,0.99422425031662,2,2,2,2
58,5,80,0.0,-52.03,0.7976190476190477,84.0,0.0,0.9877854585647584,1,1,2,1
59,5,186,0.0,77.98,0.5797101449275363,20.7,0.4578815102577209,0.9881746768951416,2,2,2,2
60,3,112,0.0,67.35,0.5984848484848485,14.666666666666666,0.3915674686431885,-0.9660556316375732,2,1,2,1
61,1,98,0.0,65.73,0.6475409836065574,17.428571428571427,0.1904259026050567,-0.999678373336792,2,1,0,1
62,2,99,0.0,63.19,0.6842105263157895,19.0,0.2756384611129761,-0.7312130928039551,1,1,1,1
63,3,190,0.0,52.19,0.6084905660377359,21.2,0.4183591902256012,0.9997162222862244,2,1,2,1
64,2,92,0.0108695652173913,-30.37,0.7551020408163265,98.0,0.0,-0.9987154006958008,1,1,1,1
65,2,46,0.0,5.19,0.8113207547169812,17.666666666666668,0.3094887733459472,0.9997265934944152,1,0,0,1
66,3,51,0.1176470588235294,33.1,0.7966101694915254,14.75,0.2960261404514313,0.9540645480155944,2,1,2,1
67,5,175,0.0,36.79,0.6548223350253807,19.7,0.33206707239151,-0.8786290287971497,2,2,2,2
68,2,78,0.2179487179487179,92.12,0.6777777777777778,15.0,0.2391268759965896,-0.8932908773422241,1,1,1,1
69,3,85,0.2235294117647059,66.78,0.7525773195876289,24.25,0.3298155069351196,-0.912569522857666,1,1,1,1
70,4,105,0.0095238095238095,67.08,0.6902654867256637,22.6,0.3756746351718902,0.9782483577728271,1,1,2,1
71,3,130,0.0,69.52,0.5578231292517006,21.0,0.4345680773258209,-0.7131881713867188,1,1,2,1
72,4,112,0.0089285714285714,52.49,0.671875,21.33333333333333,0.266802966594696,0.975507915019989,2,2,2,2
73,3,137,0.0,79.5,0.6305732484076433,19.625,0.3381278216838836,-0.9986490607261658,2,1,0,1
74,2,61,0.0,50.63,0.7857142857142857,14.0,0.410844624042511,0.9998326301574708,1,1,1,1
75,4,205,0.0,69.52,0.5545851528384279,20.818181818181817,0.210932657122612,-0.9393650889396667,2,2,2,2
76,3,99,0.0303030303030303,-20.56,0.7433628318584071,113.0,0.0,0.518393337726593,1,1,1,1
77,3,75,0.0,18.55,0.7586206896551724,21.75,0.4483906030654907,0.9505306482315063,2,1,1,1
78,2,71,0.0140845070422535,33.25,0.7763157894736842,76.0,0.0,-0.5427835583686829,1,1,1,1
79,3,128,0.109375,72.16,0.6830985915492958,17.75,0.3776730000972748,0.99928480386734,1,1,2,1
80,3,113,0.0,82.54,0.664179104477612,16.75,0.1835808604955673,-0.999762237071991,2,1,1,1
81,3,96,0.0833333333333333,26.61,0.7102803738317757,21.4,0.3564234972000122,0.9995383024215698,2,1,2,1
82,5,102,0.0,28.84,0.6814159292035398,18.83333333333333,0.5315316915512085,0.999415397644043,2,2,2,2
83,2,97,0.0,38.35,0.6909090909090909,27.5,0.4959131181240082,0.9893227219581604,1,1,2,1
84,4,220,0.1363636363636363,-126.45,0.6233766233766234,231.0,0.0,-0.997353196144104,2,2,1,1
85,2,102,0.0,62.68,0.664,20.83333333333333,0.3395728170871734,0.9984177350997924,1,1,1,1
86,4,166,0.0,44.34,0.6631016042780749,20.77777777777778,0.3993673324584961,0.9992351531982422,2,2,2,2
87,3,30,0.0,27.49,0.7948717948717948,13.0,0.3029654920101166,0.99764746427536,2,1,2,1
88,2,144,0.0,42.11,0.656441717791411,23.285714285714285,0.4972165524959564,0.9958747029304504,2,1,2,1
89,2,56,0.0,82.65,0.734375,16.0,0.2818538248538971,0.9988527297973632,1,0,1,1
90,3,174,0.0,43.43,0.6224489795918368,21.77777777777778,0.3811149001121521,0.9997894167900084,1,1,2,1
91,3,166,0.0120481927710843,54.7,0.6971428571428572,35.0,0.4647717773914337,0.9955514073371888,2,2,2,2
92,5,186,0.0053763440860215,77.87,0.5990566037735849,21.2,0.3923432826995849,0.9395739436149596,2,2,2,2
93,2,142,0.0070422535211267,-56.76,0.697986577181208,149.0,0.0,-0.9993553757667542,1,1,1,1
94,3,49,0.0,54.93,0.7413793103448276,19.33333333333333,0.3774550855159759,0.987793266773224,2,1,1,1
95,5,229,0.1615720524017467,-144.05,0.6752136752136753,234.0,0.0,-0.8168303370475769,2,1,2,1
96,5,178,0.0,68.3,0.6432160804020101,22.11111111111111,0.4528881311416626,0.9816530346870422,2,2,2,2
97,3,150,0.0,77.77,0.6407185628742516,20.875,0.2948038876056671,0.5779436230659485,2,2,2,2
98,5,131,0.0,39.74,0.6907894736842105,16.88888888888889,0.4024307429790497,0.948318898677826,2,2,2,2
99,3,129,0.0,44.34,0.647887323943662,20.285714285714285,0.4323221147060394,0.998331606388092,2,1,1,1
100,4,111,0.009009009009009,65.66,0.6377952755905512,25.4,0.412484347820282,0.9987812638282776,2,2,2,2
101,3,112,0.0714285714285714,-50.67,0.7652173913043478,115.0,0.0,0.9966403245925904,2,1,1,1
102,4,144,0.0,84.41,0.64375,22.857142857142858,0.4262270331382751,0.9823567867279052,2,1,2,1
103,2,56,0.2678571428571428,65.73,0.8059701492537313,16.75,0.2042106837034225,-0.9821122884750366,1,1,1,1
104,5,147,0.0884353741496598,75.54,0.65,22.857142857142858,0.4314271509647369,-0.9699511528015136,2,2,2,2
105,3,117,0.017094017094017,-21.91,0.675,120.0,0.0,0.9961220622062684,2,2,2,2
106,3,184,0.0,79.9,0.5555555555555556,18.818181818181817,0.4411986172199249,-0.9979579448699952,1,1,0,1
107,2,23,0.0869565217391304,5.83,0.8518518518518519,27.0,0.0,0.9996901750564576,1,1,1,1
108,2,46,0.0869565217391304,81.33,0.7450980392156863,17.0,0.6256794333457947,0.9995740056037904,2,1,1,1
109,3,137,0.218978102189781,54.22,0.6797385620915033,19.125,0.3457690775394439,-0.997669756412506,2,2,1,1
110,3,74,0.081081081081081,31.07,0.7078651685393258,17.8,0.332049012184143,-0.9888629913330078,2,1,1,1
111,5,182,0.0989010989010989,71.65,0.6116504854368932,18.727272727272727,0.3109627962112427,0.9966465830802916,2,2,2,2
112,5,137,0.0072992700729927,-42.21,0.6830985915492958,142.0,0.0,0.9929897785186768,2,2,2,1
113,5,163,0.0,36.18,0.6701570680628273,21.22222222222222,0.4324817061424255,-0.9786332249641418,2,2,2,2
114,2,129,0.0232558139534883,-42.55,0.704225352112676,142.0,0.0,0.7401953935623169,1,1,1,1
115,3,96,0.0729166666666666,51.99,0.7289719626168224,21.4,0.4563466906547546,0.994407057762146,2,2,2,2
116,3,119,0.0084033613445378,47.99,0.6716417910447762,16.75,0.4387467801570892,0.9997722506523132,1,1,2,1
117,5,126,0.0,82.65,0.647887323943662,15.77777777777778,0.3561094105243683,0.9833689332008362,2,2,2,2
118,3,94,0.0,27.01,0.75,20.8,0.384304404258728,0.9992257356643676,1,1,1,1
119,3,207,0.0,67.38,0.5966386554621849,23.8,0.3991096317768097,0.9916913509368896,2,2,2,2
120,3,105,0.0,47.79,0.6416666666666667,17.142857142857142,0.3843120634555816,-0.9053037762641908,2,2,2,2
121,2,146,0.0,46.81,0.6337209302325582,28.666666666666668,0.4245026707649231,0.9977206587791444,2,1,1,1
122,4,238,0.0084033613445378,-144.72,0.6115702479338843,242.0,0.0,-0.9757636785507202,1,1,1,1
123,4,194,0.0,45.15,0.5642201834862385,19.818181818181817,0.4156238734722137,-0.9522619843482972,2,2,2,2
124,4,134,0.0,48.84,0.673469387755102,24.5,0.3814551830291748,-0.7137517333030701,2,2,2,2
125,3,95,0.0,83.05,0.6355140186915887,15.285714285714286,0.3250277936458587,-0.9981247782707214,2,1,1,1
126,4,86,0.0,70.94,0.7204301075268817,18.6,0.2468708753585815,0.9984910488128662,1,1,2,1
127,4,170,0.0,35.47,0.6544502617801047,21.22222222222222,0.5149360299110413,0.9975283741950988,2,2,2,2
128,3,114,0.4035087719298245,39.87,0.7603305785123967,24.2,0.285869836807251,-0.980141282081604,1,1,1,1
129,3,121,0.0,37.0,0.6791044776119403,19.142857142857142,0.4232305586338043,0.999736487865448,2,2,1,1
130,2,168,0.0059523809523809,81.22,0.5979381443298969,17.636363636363637,0.3632276654243469,0.9976369142532348,1,1,0,1
131,2,105,0.0,64.71,0.626984126984127,18.0,0.2662854790687561,0.9981924891471864,1,1,1,1
132,3,200,0.065,33.99,0.6447368421052632,32.57142857142857,0.3875881731510162,-0.8848055601119995,2,2,2,2
133,2,69,0.0,65.93,0.759493670886076,15.8,0.3169482350349426,0.9923576712608336,1,1,0,1
134,3,166,0.216867469879518,44.34,0.6363636363636364,20.77777777777778,0.4270923137664795,-0.9837216734886168,2,2,2,1
135,5,148,0.0,80.21,0.6211180124223602,17.88888888888889,0.4582103490829468,0.9990314245224,2,1,2,1
136,4,141,0.226950354609929,76.45,0.6455696202531646,22.571428571428573,0.2494432628154754,-0.9981775283813475,1,1,2,1
137,4,164,0.0,67.59,0.6612903225806451,23.25,0.3455689251422882,-0.995955228805542,2,1,2,1
138,3,54,0.0,23.93,0.78125,16.0,0.3044522702693939,0.9924556016921996,2,1,0,1
139,2,121,0.0,28.54,0.7058823529411765,19.428571428571427,0.465388685464859,0.9975153207778932,1,1,2,1
140,5,157,0.2738853503184713,45.35,0.6363636363636364,19.55555555555556,0.3667879998683929,0.7957713603973389,2,2,2,2
141,3,134,0.0970149253731343,79.8,0.6756756756756757,18.5,0.3262759745121002,0.9993826150894164,1,1,2,1
142,3,112,0.0,40.35,0.6589147286821705,16.125,0.4431985020637512,0.997865617275238,2,1,1,1
143,5,137,0.0,79.5,0.6274509803921569,19.125,0.4395535886287689,0.8386512398719788,2,2,2,2
144,5,133,0.0,80.01,0.610738255033557,18.625,0.346362441778183,-0.7444961667060852,2,2,2,1
145,3,117,0.358974358974359,46.06,0.696969696969697,18.857142857142858,0.3550025224685669,0.7350009083747864,1,1,2,1
146,2,174,0.0057471264367816,65.12,0.5804878048780487,17.083333333333332,0.344059407711029,-0.9971428513526917,2,1,2,1
147,5,172,0.005813953488372,41.29,0.6458333333333334,24.0,0.4487352669239044,0.998989760875702,2,2,2,2
148,4,155,0.0,34.86,0.6477272727272727,22.0,0.501305341720581,-0.7678057551383972,2,2,2,2
149,3,97,0.0103092783505154,80.41,0.6756756756756757,18.5,0.2892976403236389,0.8341127634048462,2,1,2,1
150,2,106,0.0188679245283018,-10.74,0.7008547008547008,117.0,0.0,0.9950292706489564,1,1,1,1
151,5,140,0.0,79.09,0.6538461538461539,19.5,0.4003340899944305,0.9987252354621888,2,2,2,2
152,2,103,0.087378640776699,-16.16,0.7433628318584071,113.0,0.0,0.851093590259552,1,1,1,1
153,5,190,0.0526315789473684,-138.3,0.7631578947368421,190.0,0.0,-0.9951997995376588,2,2,2,2
154,4,100,0.01,82.24,0.6403508771929824,16.285714285714285,0.2793799042701721,-0.9831497073173524,2,1,2,1
155,2,99,0.0303030303030303,42.92,0.7818181818181819,22.0,0.3988443613052368,0.942672610282898,1,1,1,1
156,3,163,0.2515337423312883,-93.98,0.6927710843373494,166.0,0.0,-0.994235336780548,1,1,2,1
157,5,144,0.0138888888888888,71.95,0.6506024096385542,18.444444444444443,0.2656907737255096,-0.9671233296394348,2,2,2,2
158,1,20,0.1,8.88,1.0,24.0,0.0,0.9998152852058412,2,1,1,1
159,3,144,0.2708333333333333,44.95,0.6289308176100629,19.875,0.3729854226112366,-0.551715075969696,2,2,1,1
160,5,173,0.0,37.0,0.6282722513089005,19.1,0.381188303232193,0.9971994161605836,2,2,2,2
161,4,52,0.3269230769230769,70.84,0.8,20.0,0.2290344983339309,-0.9963010549545288,1,1,1,1
162,5,208,0.0,43.83,0.6042553191489362,21.363636363636363,0.4509963393211365,0.9919875860214232,2,2,2,2
163,5,232,0.0,43.43,0.5884615384615385,21.666666666666668,0.4071126282215118,0.934593141078949,2,2,2,2
164,2,71,0.1267605633802817,57.06,0.7142857142857143,16.8,0.3259373009204864,0.9041033387184144,1,1,1,1
165,3,179,0.0,70.23,0.6280193236714976,20.7,0.3382976651191711,-0.9804273247718812,1,1,1,1
166,5,143,0.2447552447552447,82.24,0.6097560975609756,16.4,0.3607236444950104,0.8168157339096069,1,1,1,1
167,3,124,0.0,53.51,0.6174496644295302,21.285714285714285,0.3761066496372223,-0.997979700565338,2,1,1,1
168,4,134,0.373134328358209,32.02,0.673469387755102,24.5,0.4663341641426086,-0.8668222427368164,2,2,2,2
169,2,67,0.0,71.34,0.7532467532467533,19.25,0.310678482055664,0.9980239868164062,1,1,1,1
170,3,49,0.1020408163265306,16.69,0.8035714285714286,14.0,0.3976477682590484,0.9982927441596984,2,2,2,2
171,3,111,0.072072072072072,78.08,0.7016129032258065,20.666666666666668,0.2860663533210754,0.99481600522995,2,1,1,1
172,2,163,0.0061349693251533,53.21,0.6065573770491803,20.33333333333333,0.4062132537364959,-0.998339056968689,2,1,0,1
173,3,78,0.0128205128205128,34.97,0.7386363636363636,22.0,0.4067885875701904,-0.9970169067382812,2,1,2,1
174,4,194,0.0,41.09,0.6111111111111112,24.0,0.459266185760498,0.9996230602264404,2,2,2,2
175,3,125,0.0,-80.79,0.746031746031746,126.0,0.0,0.9997852444648744,1,1,2,1
176,3,228,0.087719298245614,67.38,0.5691699604743083,23.0,0.381192147731781,0.9996097683906556,2,2,2,2
177,3,96,0.28125,43.53,0.7142857142857143,22.4,0.3977662324905395,-0.9910165071487428,1,1,1,1
178,5,113,0.0,69.31,0.6532258064516129,20.666666666666668,0.3861277103424072,0.9984820485115052,2,1,2,1
179,3,66,0.0,24.24,0.75,15.2,0.3794662654399872,0.9982013702392578,2,1,1,1
180,5,102,0.0,-40.52,0.7735849056603774,106.0,0.0,0.997837245464325,1,1,2,1
181,5,83,0.0,41.9,0.6956521739130435,23.0,0.4951983988285064,0.999143362045288,2,2,2,2
182,5,64,0.0,33.24,0.7761194029850746,22.33333333333333,0.5261526107788086,0.9908487796783448,2,2,2,2
183,3,96,0.0,77.37,0.6944444444444444,21.6,0.3688003718852997,0.9934444427490234,1,1,1,1
184,3,193,0.233160621761658,32.83,0.6284403669724771,24.22222222222222,0.4347433149814605,-0.5207772850990295,1,1,1,1
185,4,144,0.1041666666666666,75.84,0.5892857142857143,24.0,0.3001824617385864,-0.9970992803573608,2,2,2,2
186,5,115,0.2869565217391304,37.91,0.6717557251908397,18.714285714285715,0.4557986259460449,0.6792535185813904,2,1,2,2
187,5,119,0.1176470588235294,37.3,0.6888888888888889,19.285714285714285,0.387991726398468,0.9748080968856812,2,2,2,2
188,3,93,0.0,-1.11,0.8061224489795918,49.0,0.0,0.998141884803772,1,1,1,1
189,4,114,0.087719298245614,21.09,0.706766917293233,19.0,0.383497804403305,0.9990540146827698,2,1,2,1
190,5,133,0.0,83.36,0.5921052631578947,15.2,0.3217051029205322,0.9479135870933532,2,1,2,1
191,3,117,0.0,43.22,0.6466165413533834,22.166666666666668,0.336893230676651,0.9974254965782166,2,1,1,1
192,5,186,0.0,35.68,0.5922330097087378,20.6,0.406065434217453,0.893559992313385,2,2,2,2
193,3,132,0.0,83.46,0.5761589403973509,15.1,0.3751469552516937,-0.8793575763702393,2,1,1,1
194,4,88,0.0,36.69,0.7549019607843137,20.4,0.4665605723857879,0.9989445805549622,2,2,2,2
195,5,178,0.0,42.92,0.6188118811881188,22.444444444444443,0.4529913067817688,0.9894604682922364,2,2,2,2
196,3,119,0.0,71.14,0.6370370370370371,19.285714285714285,0.3123156130313873,0.9981037378311156,2,1,1,1
197,4,188,0.2872340425531915,45.56,0.6164383561643836,19.90909090909091,0.3878856301307678,-0.9060341715812684,2,2,2,2
198,2,79,0.0,55.44,0.7021276595744681,18.8,0.3236172199249267,-0.990452766418457,1,1,1,1
199,2,114,0.0087719298245614,77.37,0.676923076923077,21.666666666666668,0.381639301776886,0.9990608096122742,1,1,1,1
200,5,128,0.0,44.44,0.64,21.428571428571427,0.3461271822452545,0.9314844608306884,2,2,2,2
201,4,142,0.0070422535211267,44.95,0.6375,20.0,0.4540724754333496,0.9992653727531432,2,2,2,2
202,3,164,0.0,76.05,0.5674157303370787,22.25,0.3728238940238952,0.998565137386322,2,1,2,1
203,2,88,0.0,48.09,0.7070707070707071,16.5,0.4629058837890625,0.9909311532974244,2,1,1,1
204,5,112,0.0,35.57,0.6850393700787402,21.166666666666668,0.365654319524765,0.9988803267478944,2,2,2,2
205,3,148,0.0,58.52,0.6566265060240963,23.714285714285715,0.2849717438220978,0.999462902545929,2,1,2,1
206,4,122,0.0901639344262295,-35.44,0.7109375,128.0,0.0,0.9828200340270996,1,1,2,1
207,4,111,0.072072072072072,-49.66,0.7567567567567568,111.0,0.0,-0.9867174625396729,2,2,2,2
208,3,52,0.0,52.46,0.7741935483870968,12.4,0.350294828414917,-0.9862863421440125,2,1,1,1
209,3,146,0.0,35.98,0.6909090909090909,20.625,0.4419030249118805,0.9958192110061646,2,2,2,2
210,3,82,0.0,37.91,0.7472527472527473,18.2,0.535801112651825,0.9989519119262696,2,2,2,2
211,3,111,0.0,72.26,0.6850393700787402,18.142857142857142,0.231795385479927,0.9910995364189148,1,1,2,1
212,4,110,0.0545454545454545,-40.18,0.7391304347826086,115.0,0.0,-0.9982660412788392,2,1,2,1
213,3,168,0.0,62.88,0.6009852216748769,20.3,0.2700550556182861,-0.7971389293670654,2,2,2,2
214,4,140,0.0642857142857142,34.26,0.6753246753246753,22.0,0.469034343957901,0.9978395700454712,2,2,2,2
215,3,101,0.0,42.51,0.6956521739130435,23.0,0.4156008958816528,0.9681844115257264,2,2,1,1
216,5,202,0.0,44.34,0.6355555555555555,20.454545454545453,0.445458322763443,0.8939199447631836,2,2,2,2
217,5,120,0.0083333333333333,-84.17,0.7868852459016393,122.0,0.0,0.981086790561676,2,2,2,2
218,2,150,0.0,49.75,0.6491228070175439,24.428571428571427,0.3712552487850189,-0.9869138598442078,2,1,1,1
219,4,110,0.2727272727272727,52.9,0.6776859504132231,20.166666666666668,0.445014476776123,0.9827788472175598,2,1,2,1
220,4,157,0.0,53.81,0.603448275862069,19.33333333333333,0.393629640340805,0.970464527606964,2,2,2,2
221,5,82,0.0,-37.14,0.7647058823529411,85.0,0.0,0.9992184638977052,2,1,2,1
222,3,130,0.0153846153846153,-60.48,0.7185185185185186,135.0,0.0,0.9992207288742064,2,1,2,1
223,2,80,0.0,63.7,0.6842105263157895,19.0,0.3441868424415588,0.9898027777671814,1,1,0,1
224,4,119,0.2689075630252101,39.43,0.6946564885496184,16.375,0.3971201777458191,0.98807030916214,2,1,2,1
225,5,100,0.0,40.04,0.6666666666666666,16.285714285714285,0.3240843415260315,0.999193012714386,2,2,2,2
226,3,105,0.0,47.79,0.675,17.142857142857142,0.3522698879241943,-0.9920342564582824,2,1,0,1
227,2,107,0.2897196261682243,47.38,0.6585365853658537,17.571428571428573,0.3943148553371429,-0.992816925048828,2,1,0,1
228,4,103,0.0,87.86,0.6491228070175439,19.0,0.3899533748626709,-0.9436978101730348,2,1,2,1
229,5,105,0.0,36.79,0.7758620689655172,19.33333333333333,0.5006296038627625,0.993513822555542,2,2,2,2
230,5,103,0.1941747572815534,-16.16,0.75,104.0,0.0,-0.9764553904533386,1,1,2,1
231,5,201,0.0945273631840796,67.72,0.6,30.0,0.3022516369819641,0.9908329844474792,2,2,2,2
232,2,44,0.3636363636363636,23.77,0.803921568627451,25.5,0.411653608083725,-0.9938338994979858,1,1,1,1
233,4,88,0.0,84.07,0.6435643564356436,14.428571428571429,0.2477009296417236,0.9911022186279296,2,1,2,1
234,3,36,0.0833333333333333,36.28,0.7857142857142857,21.0,0.6577591300010681,0.7240246534347534,2,1,1,1
235,2,83,0.2771084337349397,71.55,0.6764705882352942,20.4,0.1689712256193161,-0.9461430311203004,1,1,1,1
236,2,198,0.0,61.67,0.6422413793103449,21.09090909090909,0.3843499720096588,-0.95840722322464,2,2,2,2
237,5,186,0.0967741935483871,81.12,0.5970873786407767,17.166666666666668,0.413205474615097,0.9954861998558044,2,2,2,2
238,3,114,0.3157894736842105,29.55,0.6535433070866141,18.142857142857142,0.4867433607578277,0.890508234500885,2,2,2,2
239,5,225,0.1644444444444444,79.4,0.5816733067729084,19.307692307692307,0.3026992678642273,-0.9958285689353944,2,2,2,2
240,2,67,0.0,49.41,0.7023809523809523,16.8,0.2770673036575317,-0.9956766963005066,2,1,0,1
241,3,103,0.0,-24.62,0.7403846153846154,104.0,0.0,0.9988704323768616,1,1,2,1
242,3,124,0.0,45.05,0.7841726618705036,19.857142857142858,0.3829456567764282,0.999319314956665,2,1,1,1
243,3,95,0.0421052631578947,-33.42,0.7549019607843137,102.0,0.0,0.9917997121810912,2,1,2,1
244,5,154,0.0909090909090909,43.43,0.6162790697674418,21.5,0.489371120929718,0.6034427285194397,2,2,2,2
245,3,130,0.0076923076923076,63.39,0.6666666666666666,18.75,0.3950619995594024,0.8682671189308167,1,1,2,2
246,4,162,0.0,29.65,0.5737704918032787,18.3,0.4555972814559936,0.9993163347244264,2,2,2,2
247,2,55,0.0,43.56,0.8421052631578947,28.5,0.0,0.9604027271270752,1,1,1,1
248,3,76,0.0,72.97,0.7045454545454546,17.6,0.3057340681552887,0.998638927936554,2,1,1,1
249,4,131,0.2595419847328244,52.49,0.636986301369863,20.857142857142858,0.4095618426799774,-0.9708439111709596,2,2,2,2
250,2,91,0.0109890109890109,44.54,0.7156862745098039,20.4,0.4115515053272247,-0.9976915121078492,2,1,1,1
251,5,95,0.0,0.43,0.7604166666666666,96.0,0.0,0.9984073042869568,2,2,2,1
252,5,127,0.0,75.34,0.6906474820143885,23.166666666666668,0.3638623654842376,0.9989450573921204,2,2,2,2
253,2,59,0.0,76.86,0.7575757575757576,22.0,0.4976927638053894,0.5433387756347656,1,1,1,1
254,3,101,0.0,29.04,0.6578947368421053,19.0,0.5591536164283752,0.9995775818824768,1,1,2,1
255,3,193,0.0518134715025906,-124.43,0.7208121827411168,197.0,0.0,-0.9865074157714844,1,1,1,1
256,5,109,0.3211009174311927,32.29,0.6507936507936508,15.75,0.3463505804538727,-0.9754741191864014,2,2,2,2
257,2,108,0.0185185185185185,-55.07,0.7636363636363637,110.0,0.0,-0.997891128063202,2,1,1,1
258,5,136,0.1617647058823529,82.17,0.6578947368421053,25.33333333333333,0.3197903037071228,0.8130448460578918,2,2,2,1
259,3,84,0.3809523809523809,-40.19,0.8,85.0,0.0,-0.9880782961845398,1,1,1,1
260,2,138,0.1666666666666666,70.84,0.675,20.0,0.2576917111873626,-0.9985535740852356,1,1,1,1
261,3,146,0.2328767123287671,46.91,0.6568047337278107,28.166666666666668,0.3507397770881653,-0.9985713958740234,1,1,1,1
262,5,140,0.0928571428571428,79.09,0.6178343949044586,19.625,0.5005022883415222,0.995608389377594,2,1,2,1
263,3,102,0.0,54.22,0.7017543859649122,19.0,0.4025353491306305,0.999196469783783,1,1,1,1
264,2,165,0.1636363636363636,69.82,0.6810810810810811,20.55555555555556,0.2554604113101959,-0.9976211190223694,2,1,1,1
265,5,118,0.0,54.32,0.6439393939393939,18.857142857142858,0.3373841345310211,0.9995039701461792,2,2,2,2
266,3,101,0.0,45.96,0.7033898305084746,19.666666666666668,0.3151945769786834,0.996987283229828,2,2,2,2
267,4,68,0.3970588235294117,37.0,0.7692307692307693,19.5,0.2697655856609344,-0.9922512173652648,1,1,1,1
268,4,118,0.0,71.24,0.6691176470588235,19.428571428571427,0.3260607123374939,0.6169798970222473,1,1,2,1
269,2,123,0.0,82.95,0.609271523178808,16.77777777777778,0.2781317830085754,-0.9954676628112792,1,1,1,1
270,3,73,0.0,90.5,0.6097560975609756,16.4,0.4124626219272613,0.9967007040977478,1,1,1,1
271,5,144,0.1597222222222222,78.59,0.5679012345679012,20.25,0.4390236437320709,-0.6210916638374329,2,2,2,1
272,2,106,0.2924528301886792,-36.12,0.7264150943396226,106.0,0.0,-0.9962658286094666,1,1,1,1
273,3,156,0.2243589743589743,56.96,0.6595744680851063,17.09090909090909,0.2640831470489502,-0.837039053440094,1,1,1,1
274,3,98,0.0816326530612244,63.39,0.6302521008403361,19.83333333333333,0.3545600771903991,-0.9962140917778016,2,1,1,1
275,2,89,0.1011235955056179,44.95,0.7128712871287128,20.2,0.3494167923927307,0.993586242198944,2,1,1,1
276,3,64,0.0,89.08,0.7123287671232876,18.25,0.2514107227325439,-0.9952706694602966,1,1,1,1
277,4,113,0.3274336283185841,-51.69,0.7543859649122807,114.0,0.0,-0.99723082780838,1,1,2,1
278,3,124,0.0,55.74,0.7279411764705882,17.0,0.3881132900714874,0.9675520062446594,2,1,1,1
279,5,185,0.2594594594594595,35.78,0.631578947368421,20.9,0.3665108680725097,-0.9703351855278016,2,2,2,2
280,4,165,0.0787878787878787,44.44,0.6984126984126984,21.0,0.364500343799591,-0.9753638505935668,2,2,2,2
281,1,19,0.1052631578947368,61.83,0.9545454545454546,11.0,0.2801963090896606,0.9551387429237366,1,1,1,1
282,3,142,0.0,78.79,0.5818181818181818,20.625,0.3154264986515045,0.8743447065353394,1,1,1,1
283,2,138,0.0,51.48,0.6496815286624203,22.428571428571427,0.441803365945816,-0.999382257461548,2,1,0,1
284,3,82,0.0975609756097561,71.75,0.6842105263157895,19.0,0.3139651417732239,0.9913697242736816,1,1,1,1
285,3,68,0.0,45.43,0.8,35.0,0.5940209627151489,0.9834926128387452,1,1,1,1
286,4,135,0.0,-82.48,0.7372262773722628,137.0,0.0,0.9997217059135436,2,1,2,2
287,3,97,0.0721649484536082,-26.99,0.797979797979798,99.0,0.0,0.9488475918769836,1,1,1,1
288,3,137,0.1605839416058394,82.95,0.6273291925465838,16.1,0.2250222861766815,0.9884670972824096,1,1,1,1
289,4,124,0.0,36.59,0.6713286713286714,20.428571428571427,0.4251867234706878,0.9927049279212952,2,2,2,2
290,2,82,0.2804878048780488,50.67,0.7319587628865979,24.25,0.4016556739807129,-0.8786289691925049,1,1,1,1
291,2,86,0.2441860465116279,79.4,0.72,20.0,0.5852875709533691,-0.9811221361160278,1,1,1,1
292,3,114,0.3157894736842105,26.81,0.6825396825396826,21.0,0.3816048800945282,-0.9710626006126404,1,1,2,1
293,3,98,0.0,43.12,0.7129629629629629,21.6,0.3477690517902374,0.9942157864570618,2,2,1,1
294,5,197,0.2385786802030456,44.85,0.6210045662100456,19.90909090909091,0.3913461565971374,0.6625940799713135,2,2,2,2
295,3,102,0.088235294117647,45.76,0.7456140350877193,19.0,0.3756857216358185,-0.9093779921531676,2,1,1,1
296,4,143,0.1048951048951049,78.69,0.5987654320987654,20.25,0.390895128250122,0.9449886083602904,2,1,2,1
297,2,99,0.0,51.38,0.7017543859649122,22.8,0.3384155035018921,-0.9989748001098632,2,1,1,1
298,3,152,0.0,56.05,0.6337209302325582,17.2,0.3431677222251892,-0.9446461200714112,2,2,2,2
299,3,115,0.0260869565217391,-19.88,0.6885245901639344,122.0,0.0,-0.9570668935775756,1,1,1,1
300,5,97,0.0,80.41,0.6880733944954128,18.166666666666668,0.285872608423233,0.9990295171737672,2,1,2,1
301,4,108,0.0,36.28,0.7338709677419355,20.666666666666668,0.2794534564018249,-0.99372661113739,2,2,1,2
302,4,94,0.0,69.38,0.7129629629629629,12.0,0.2527926862239837,-0.95378577709198,2,2,2,2
303,5,104,0.0,37.0,0.7043478260869566,19.166666666666668,0.3679119944572449,0.9996160268783568,2,2,2,2
304,2,159,0.0251572327044025,-89.92,0.6807228915662651,166.0,0.0,-0.9864972233772278,1,1,2,1
305,3,56,0.4107142857142857,-2.29,0.8035714285714286,56.0,0.0,-0.973577320575714,2,1,2,1
306,3,137,0.0948905109489051,37.2,0.6774193548387096,19.375,0.4368781149387359,0.9977005124092102,1,1,2,2
307,5,150,0.0,-30.04,0.7142857142857143,77.0,0.0,0.9882986545562744,2,2,2,2
308,4,159,0.0,42.82,0.6514285714285715,21.875,0.3620557188987732,0.9986622333526612,2,2,2,2
309,3,128,0.0078125,72.16,0.6462585034013606,18.375,0.3944907188415527,-0.9989985823631288,2,1,0,1
310,4,173,0.0057803468208092,53.81,0.6294416243654822,19.7,0.4313218891620636,-0.8721879720687866,2,2,2,2
311,3,134,0.0,52.09,0.6556291390728477,21.571428571428573,0.4568303823471069,0.9958710074424744,2,1,1,1
312,4,103,0.0,37.1,0.6581196581196581,19.5,0.3932057023048401,0.975214958190918,2,1,1,1
313,2,59,0.0677966101694915,28.51,0.8571428571428571,63.0,0.0,-0.9841285943984984,1,1,1,1
314,3,117,0.0085470085470085,-55.75,0.8067226890756303,119.0,0.0,-0.9996767044067384,2,1,0,1
315,3,94,0.0,30.16,0.7383177570093458,17.833333333333332,0.3855288922786712,0.99847811460495,2,1,2,1
316,4,163,0.0,76.15,0.6486486486486487,23.125,0.2768179476261139,-0.9792929887771606,2,1,2,1
317,3,90,0.1111111111111111,58.38,0.7142857142857143,15.0,0.3941963613033294,0.9932481050491332,1,1,1,1
318,4,118,0.0,68.4,0.7480916030534351,21.83333333333333,0.5153006315231323,0.9933363199234008,2,2,2,2
319,4,102,0.0,28.84,0.7068965517241379,19.33333333333333,0.4593908190727234,0.9990548491477966,2,2,2,2
320,4,88,0.1136363636363636,53.61,0.6666666666666666,19.8,0.4052543640136719,-0.8194841146469116,2,2,2,1
321,4,128,0.0,44.44,0.6887417218543046,21.571428571428573,0.4024278223514557,-0.8085880875587463,2,2,2,2
322,2,29,0.0,70.09,0.8235294117647058,11.333333333333334,0.326611578464508,0.9863959550857544,1,0,1,1
323,3,101,0.0198019801980198,-5.67,0.7547169811320755,106.0,0.0,-0.996005356311798,1,1,0,1
324,2,96,0.0,46.98,0.7692307692307693,17.333333333333332,0.5100090503692627,0.9995293617248536,1,1,1,1
325,5,227,0.079295154185022,59.03,0.5764705882352941,23.181818181818183,0.3566416501998901,0.9901638627052308,2,2,2,2
326,4,164,0.0,44.54,0.6428571428571429,20.22222222222222,0.3792779445648193,0.9983773231506348,2,2,2,2
327,3,171,0.0,62.58,0.6071428571428571,19.6,0.3645247220993042,-0.9945238828659058,2,2,1,1
328,4,157,0.0,34.66,0.6358381502890174,21.625,0.4813084602355957,0.9993168115615844,2,2,2,2
329,2,80,0.0375,-1.27,0.813953488372093,86.0,0.0,0.8947337865829468,1,1,1,1
330,3,70,0.0,76.52,0.7073170731707317,13.666666666666666,0.4142561852931976,0.9987900853157043,2,2,2,2
331,2,206,0.0145631067961165,56.69,0.6504424778761062,25.11111111111111,0.4012336134910583,-0.9980807304382324,2,1,1,1
332,3,134,0.0,69.01,0.572289156626506,23.714285714285715,0.2728987038135528,0.9892811179161072,1,1,1,1
333,4,111,0.0,35.78,0.6825396825396826,21.0,0.4534004330635071,0.9659637808799744,2,2,2,2
334,3,103,0.087378640776699,37.1,0.6982758620689655,19.33333333333333,0.3930432498455047,0.9979410767555236,2,2,2,2
335,3,148,0.0067567567567567,44.34,0.6511627906976745,21.5,0.3576031327247619,0.9924085140228271,1,1,1,1
336,5,203,0.0,54.32,0.6026200873362445,19.08333333333333,0.4058573842048645,0.9977881908416748,2,2,2,2
337,2,118,0.0,83.56,0.5971223021582733,15.444444444444445,0.2635895609855652,-0.9995704293251038,1,2,1,1
338,1,137,0.0948905109489051,81.43,0.6172839506172839,18.0,0.3300396502017975,-0.9997543692588806,1,1,0,1
339,5,97,0.0,59.3,0.7297297297297297,13.875,0.441789835691452,0.9971479773521424,2,2,2,2
340,4,85,0.1176470588235294,20.38,0.6804123711340206,19.4,0.4444563686847687,0.9998134970664978,1,1,2,1
341,5,128,0.0,35.98,0.6689655172413793,20.714285714285715,0.4186817407608032,-0.5389285087585449,2,2,2,2
342,4,90,0.0111111111111111,57.1,0.7835051546391752,24.25,0.0,0.9390278458595276,2,1,2,1
343,2,115,0.1043478260869565,71.75,0.6029411764705882,19.428571428571427,0.3470704853534698,-0.9996626377105712,2,1,1,1
344,2,151,0.1920529801324503,62.88,0.5967741935483871,20.666666666666668,0.257144421339035,-0.9878934025764464,1,1,1,1
345,3,100,0.0,37.6,0.7350427350427351,19.5,0.2735048830509186,0.984350323677063,2,2,2,2
346,3,76,0.4342105263157895,35.27,0.7415730337078652,22.25,0.3652010858058929,-0.9985355138778688,2,1,1,1
347,3,131,0.0,60.95,0.6598639455782312,21.0,0.307774007320404,-0.9975548386573792,2,2,2,1
348,5,119,0.0,101.7,0.6028368794326241,14.1,0.2619371116161346,0.962769091129303,2,2,2,2
349,3,122,0.0,70.73,0.6712328767123288,20.857142857142858,0.3219754695892334,0.856290876865387,2,1,1,1
350,4,152,0.2302631578947368,45.86,0.6705882352941176,18.88888888888889,0.3501943945884704,-0.9930779337882996,2,2,2,2
351,4,104,0.0096153846153846,70.84,0.7033898305084746,19.666666666666668,0.3359793722629547,0.979842483997345,2,2,2,2
352,4,118,0.0,73.37,0.6739130434782609,17.25,0.4082269966602325,0.9991515874862672,2,1,2,1
353,2,169,0.0236686390532544,-91.61,0.6473988439306358,173.0,0.0,-0.990835428237915,2,1,0,1
354,3,152,0.006578947368421,-91.27,0.7307692307692307,156.0,0.0,0.8252217173576355,2,2,2,1
355,3,93,0.2795698924731182,30.91,0.7058823529411765,25.5,0.3942022323608398,0.9743116497993468,2,1,1,1
356,4,103,0.0,28.64,0.7017543859649122,19.0,0.5118104815483093,0.99928218126297,2,2,2,2
357,5,138,0.0,39.03,0.6305732484076433,17.444444444444443,0.2830117344856262,0.9175021052360536,2,2,2,2
358,3,151,0.2516556291390728,45.96,0.6333333333333333,20.0,0.2241759002208709,-0.6845411062240601,1,1,2,1
359,5,118,0.0169491525423728,-22.92,0.75,120.0,0.0,0.7659385204315186,1,1,2,1
360,3,109,0.0825688073394495,19.16,0.753968253968254,21.0,0.3676276803016662,-0.9785086512565612,2,1,2,1
361,4,131,0.0610687022900763,-61.5,0.696969696969697,132.0,0.0,0.6499219536781311,2,1,2,1
362,3,136,0.0,83.05,0.5974025974025974,15.4,0.4008725881576538,0.9949453473091124,2,1,1,1
363,4,82,0.0,46.37,0.776595744680851,18.8,0.432829886674881,0.9903102517127992,2,2,2,2
364,3,109,0.0275229357798165,-6.34,0.652542372881356,118.0,0.0,-0.9656689763069152,1,1,1,1
365,2,26,0.0384615384615384,2.79,0.8571428571428571,28.0,0.0,0.9946900606155396,1,1,2,1
366,4,62,0.0,50.43,0.7183098591549296,14.2,0.4648547768592834,0.9699757099151612,2,2,2,2
367,3,97,0.0103092783505154,43.32,0.7314814814814815,21.6,0.3192099630832672,-0.999751627445221,2,2,2,2
368,3,155,0.0064516129032258,68.7,0.6089385474860335,22.375,0.2975206077098846,-0.9993993043899536,2,2,2,2
369,3,96,0.21875,71.95,0.6991150442477876,18.83333333333333,0.3157691955566406,-0.9985750913619996,1,1,1,1
370,4,145,0.0,33.54,0.7100591715976331,24.142857142857142,0.4162653386592865,0.9996522665023804,1,2,2,2
371,4,114,0.0789473684210526,77.57,0.6567164179104478,22.33333333333333,0.4084413051605224,0.991195559501648,1,1,2,1
372,5,110,0.009090909090909,81.02,0.6451612903225806,17.714285714285715,0.3401205837726593,-0.9979477524757384,2,1,2,1
373,3,143,0.0,78.69,0.6449704142011834,21.125,0.4074049592018127,-0.8954171538352966,2,2,2,2
374,2,114,0.0,48.5,0.7209302325581395,16.125,0.2737519741058349,0.9939836859703064,2,1,1,1
375,5,82,0.2317073170731707,71.75,0.7613636363636364,17.6,0.3169865012168884,-0.938955545425415,1,1,2,1
376,5,135,0.0,26.51,0.6405228758169934,21.857142857142858,0.4741309583187103,0.9964313507080078,2,2,2,2
377,5,121,0.0991735537190082,89.99,0.7037037037037037,16.875,0.2750492990016937,0.9520323872566224,2,1,2,1
378,2,47,0.0,76.42,0.6923076923076923,16.25,0.3207909166812897,0.9980721473693848,1,1,0,1
379,3,150,0.0,86.23,0.5588235294117647,21.25,0.3932476043701172,-0.9988023042678832,2,1,1,1
380,4,86,0.0,-32.74,0.813953488372093,86.0,0.0,0.998340368270874,2,2,1,1
381,3,140,0.0,70.63,0.6242424242424243,20.625,0.251765489578247,0.5073830485343933,2,1,2,1
382,2,130,0.0,44.14,0.6687898089171974,22.428571428571427,0.4770792722702026,0.7482379674911499,2,1,1,1
383,3,156,0.0833333333333333,68.6,0.5872093023255814,21.5,0.3044592440128326,0.9789041876792908,1,1,2,1
384,4,121,0.0,-17.51,0.6363636363636364,121.0,0.0,0.950565755367279,1,1,2,1
385,3,103,0.0,67.49,0.6611570247933884,24.2,0.3725473880767822,-0.6723326444625854,2,1,1,1
386,1,151,0.0066225165562913,50.03,0.6923076923076923,42.25,0.0,-0.6267005205154419,1,1,0,1
387,5,114,0.0,-44.24,0.7894736842105263,114.0,0.0,0.9598255157470704,2,2,2,2
388,3,92,0.0217391304347826,48.13,0.81,25.0,0.2913396656513214,0.9910805821418762,1,1,1,1
389,3,105,0.0,36.79,0.6949152542372882,19.666666666666668,0.4952163696289062,0.9997814297676086,1,1,2,1
390,2,104,0.0,62.38,0.6949152542372882,19.666666666666668,0.370329201221466,0.9997207522392272,2,2,1,1
391,3,98,0.0,26.2,0.7130434782608696,23.0,0.4219832718372345,0.9995813965797424,2,1,2,1
392,3,121,0.0,87.76,0.625,19.428571428571427,0.4749157428741455,0.9995256662368774,1,1,1,1
393,2,97,0.0,80.41,0.628099173553719,20.166666666666668,0.3914330601692199,-0.9997389912605286,1,1,1,1
394,3,107,0.0,69.65,0.6949152542372882,29.5,0.2607531249523163,0.9971509575843812,1,1,2,1
395,4,177,0.0847457627118644,45.05,0.6435643564356436,20.2,0.3980368077754974,0.7845471501350403,2,2,2,2
396,3,88,0.1136363636363636,39.63,0.7115384615384616,17.333333333333332,0.4809579849243164,0.9997616410255432,2,1,1,1
397,3,95,0.1052631578947368,30.06,0.7102803738317757,17.833333333333332,0.436314195394516,0.9994354844093324,2,1,2,1
398,3,123,0.073170731707317,33.75,0.664179104477612,22.33333333333333,0.5193482637405396,0.9992740750312804,1,1,2,1
399,5,144,0.0,36.28,0.660377358490566,19.875,0.4380643665790558,0.9886924028396606,2,2,2,2
400,2,129,0.0,44.34,0.6986301369863014,20.857142857142858,0.3500304222106933,-0.9196020364761353,2,1,1,1
401,4,160,0.0875,70.33,0.6344086021505376,20.666666666666668,0.3253478705883026,-0.8210651278495789,2,2,2,2
402,4,163,0.0,46.47,0.5769230769230769,18.2,0.4365347921848297,-0.9836720824241638,2,2,2,2
403,3,81,0.0,88.87,0.6938775510204082,19.6,0.3176650702953338,-0.9951878786087036,1,1,1,1
404,4,131,0.0,44.03,0.6148648648648649,21.142857142857142,0.3651437759399414,0.9986026883125304,2,1,1,1
405,5,112,0.0,46.78,0.6984126984126984,18.0,0.4722883403301239,0.9988287091255188,2,2,2,2
406,5,178,0.1123595505617977,82.95,0.5658536585365853,15.76923076923077,0.3270117938518524,-0.8854489922523499,2,1,2,1
407,3,138,0.0217391304347826,-77.06,0.6857142857142857,140.0,0.0,0.999415636062622,2,1,1,1
408,3,86,0.0,37.1,0.7319587628865979,19.4,0.4583528041839599,-0.9987788796424866,2,2,2,2
409,3,175,0.0742857142857142,66.17,0.6138613861386139,25.25,0.4518968462944031,-0.6228505969047546,2,2,2,2
410,5,118,0.1016949152542373,47.99,0.7246376811594203,17.25,0.2556226551532745,0.9484719038009644,2,2,2,2
411,4,166,0.0,52.8,0.671957671957672,21.0,0.4331517517566681,0.856563150882721,2,2,0,1
412,5,196,0.0,40.89,0.6372093023255814,23.88888888888889,0.4007506072521209,0.9951003193855286,2,2,2,2
413,3,130,0.0076923076923076,32.73,0.6986301369863014,24.33333333333333,0.4640529751777649,0.9766895771026612,2,1,1,1
414,3,126,0.0,-56.42,0.7380952380952381,126.0,0.0,0.9950297474861144,1,1,2,1
415,2,114,0.0,52.19,0.6870229007633588,21.83333333333333,0.4016229510307312,0.9031067490577698,2,1,1,1
416,4,207,0.2028985507246377,62.38,0.5611814345991561,19.75,0.3703930675983429,0.9202123284339904,1,1,2,2
417,4,106,0.0471698113207547,-36.12,0.839622641509434,106.0,0.0,-0.9982048273086548,1,1,1,1
418,3,107,0.0,28.03,0.7540983606557377,20.33333333333333,0.4853784441947937,0.9919608235359192,2,1,2,1
419,2,166,0.0,73.07,0.634020618556701,17.636363636363637,0.3020049035549164,-0.9995482563972472,2,1,0,1
420,3,99,0.101010101010101,46.27,0.6936936936936937,18.5,0.4573096334934234,0.9987218976020812,2,1,2,1
421,1,131,0.0,69.41,0.6645161290322581,22.142857142857142,0.2806237637996673,-0.9993619322776794,2,2,0,1
422,4,206,0.0,44.03,0.5757575757575758,21.0,0.4492272734642029,0.9860970377922058,2,2,2,2
423,3,77,0.2467532467532467,68.81,0.7951807228915663,20.75,0.2828068137168884,0.9772344827651978,2,1,2,1
424,2,32,0.0,38.32,0.8918918918918919,18.5,0.2740504145622253,-0.9341649413108826,1,0,1,1
425,3,149,0.0067114093959731,-88.23,0.7272727272727273,154.0,0.0,0.6760172247886658,1,1,2,1
426,5,115,0.2260869565217391,63.09,0.6821705426356589,18.428571428571427,0.3011080324649811,-0.932691752910614,2,2,2,2
427,4,123,0.089430894308943,36.69,0.6906474820143885,19.857142857142858,0.3596638441085815,0.9986302852630616,2,2,2,2
428,3,123,0.008130081300813,45.35,0.6956521739130435,19.714285714285715,0.4071618616580963,0.9995338916778564,1,1,2,1
429,4,155,0.0,62.48,0.6686046511627907,19.11111111111111,0.3791874051094055,0.8892584443092346,2,2,2,2
430,4,136,0.2352941176470588,54.22,0.6623376623376623,19.25,0.4761068224906921,-0.945133090019226,2,1,2,1
431,4,120,0.0,-33.41,0.6942148760330579,121.0,0.0,-0.9857038855552672,2,2,2,1
432,5,181,0.1602209944751381,78.48,0.6161137440758294,21.1,0.1593072116374969,0.6029577255249023,1,1,2,1
433,4,152,0.2763157894736842,28.94,0.6783625730994152,19.0,0.4290460050106048,-0.974929690361023,2,2,2,2
434,4,88,0.0,62.07,0.6274509803921569,20.4,0.4022991061210632,-0.9639785885810852,2,2,1,1
435,3,134,0.0074626865671641,-73.0,0.7111111111111111,135.0,0.0,0.9178429245948792,1,1,2,1
436,2,87,0.0,45.35,0.6826923076923077,20.8,0.3520423769950866,0.8465318083763123,2,1,0,1
437,2,142,0.0,50.87,0.6172839506172839,23.142857142857142,0.3238342702388763,-0.999464213848114,2,2,1,1
438,4,145,0.0137931034482758,42.04,0.6862745098039216,30.6,0.5002572536468506,0.9925228953361512,2,2,2,2
439,5,96,0.0,63.7,0.6637168141592921,18.83333333333333,0.4756340980529785,0.9981837868690492,2,2,2,2
440,3,202,0.2673267326732673,54.32,0.6077586206896551,19.33333333333333,0.3894350826740265,-0.993401825428009,2,1,1,1
441,3,94,0.3191489361702128,47.08,0.6981132075471698,17.666666666666668,0.4361967444419861,0.9967079162597656,2,1,2,1
442,4,80,0.325,32.6,0.7191011235955056,14.833333333333334,0.3618477880954742,-0.9888401627540588,2,1,1,1
443,3,165,0.0121212121212121,46.37,0.656084656084656,18.9,0.418395459651947,0.9975224137306212,2,2,2,2
444,5,88,0.0,56.55,0.7171717171717171,16.5,0.3323774337768554,0.9983025789260864,2,2,2,2
445,3,61,0.0983606557377049,47.49,0.8142857142857143,17.5,0.3955415487289428,-0.9983320832252502,2,1,0,1
446,4,89,0.0112359550561797,14.98,0.7333333333333333,90.0,0.0,-0.9700496196746826,1,1,1,1
447,5,67,0.0,32.49,0.7733333333333333,15.0,0.3621469140052795,-0.9978418350219728,2,1,2,1
448,3,92,0.3478260869565217,38.82,0.7358490566037735,17.666666666666668,0.3791508674621582,-0.5232482552528381,1,1,1,1
449,3,125,0.072,-21.57,0.6796875,128.0,0.0,0.9973875880241394,1,1,2,1
450,3,134,0.0,77.47,0.6558441558441559,22.0,0.3692366778850555,0.9407751560211182,2,1,2,1
451,3,74,0.4189189189189189,35.78,0.7710843373493976,20.75,0.3592513799667358,-0.9965732097625732,1,1,1,1
452,4,106,0.0283018867924528,-36.12,0.7798165137614679,109.0,0.0,-0.999580442905426,2,1,2,1
453,3,97,0.0,43.32,0.7669902912621359,20.6,0.5025906562805176,0.9914807081222534,1,1,2,1
454,1,153,0.0,60.55,0.5965909090909091,22.0,0.2382618486881256,0.9925754070281982,1,1,1,1
455,3,120,0.0083333333333333,62.58,0.6689655172413793,20.714285714285715,0.4207850694656372,0.8107606172561646,2,1,2,2
456,3,100,0.0,56.96,0.717948717948718,16.714285714285715,0.4188617169857025,0.9796271324157716,2,2,2,2
457,4,139,0.0071942446043165,68.1,0.6688311688311688,22.0,0.2559144198894501,0.9956092238426208,2,1,2,2
458,4,182,0.0,-121.72,0.6951871657754011,187.0,0.0,0.993317484855652,2,2,2,2
459,2,156,0.0256410256410256,-68.94,0.7012195121951219,164.0,0.0,-0.9902312159538268,1,1,1,1
460,3,88,0.0909090909090909,70.53,0.711340206185567,19.4,0.4080790281295776,-0.99443781375885,2,1,1,1
461,2,46,0.0,16.33,0.8125,48.0,0.0,0.9991563558578492,1,1,2,1
462,5,125,0.0,38.72,0.6713286713286714,17.875,0.4097276329994201,0.9951183795928956,2,2,2,2
463,3,125,0.088,70.23,0.7050359712230215,19.857142857142858,0.3821987211704254,0.99831223487854,1,2,2,2
464,3,100,0.33,-64.89,0.7980769230769231,104.0,0.0,-0.9984878301620485,1,1,2,1
465,2,77,0.1428571428571428,51.89,0.7582417582417582,22.75,0.4218121767044067,0.9947845339775084,1,1,1,1
466,3,124,0.0967741935483871,78.89,0.60431654676259,19.857142857142858,0.3191785812377929,-0.9987571239471436,2,1,1,1
467,4,122,0.0,19.97,0.6714285714285714,20.0,0.4581104815006256,0.5047001242637634,2,2,2,2
468,3,108,0.0,-46.61,0.7431192660550459,109.0,0.0,-0.9995346069335938,2,1,2,1
469,2,86,0.127906976744186,45.56,0.71875,19.2,0.5082185864448547,0.9994032382965088,1,1,1,1
470,2,78,0.0,51.68,0.7613636363636364,22.0,0.4460949897766113,0.9990410208702089,2,1,1,1
471,3,76,0.0921052631578947,52.19,0.7674418604651163,21.5,0.3325776755809784,-0.5941256880760193,2,1,1,1
472,2,89,0.0,33.2,0.7425742574257426,14.428571428571429,0.3957976698875427,0.9997400641441344,1,1,1,1
473,3,106,0.0,53.51,0.7203389830508474,19.666666666666668,0.4581972658634186,0.9991682767868042,2,2,1,1
474,1,68,0.0294117647058823,45.46,0.7619047619047619,21.0,0.4131095707416534,-0.9995508790016174,1,0,0,1
475,5,135,0.0,-90.94,0.7664233576642335,137.0,0.0,0.9988778233528136,2,2,2,2
476,3,165,0.103030303030303,42.11,0.6290322580645161,23.25,0.3543999195098877,0.9858651161193848,2,1,2,1
477,4,148,0.0878378378378378,35.78,0.6766467065868264,20.875,0.3879735469818115,-0.9888583421707152,2,1,2,2
478,3,164,0.1158536585365853,42.21,0.6470588235294118,23.375,0.5404931902885437,-0.9699594378471376,2,2,2,2
479,3,119,0.1092436974789916,-23.94,0.6033057851239669,121.0,0.0,0.9979767203330994,1,1,2,1
480,5,85,0.0,40.14,0.7575757575757576,16.5,0.331256240606308,0.998247504234314,2,2,2,2
481,4,102,0.0,42.31,0.7130434782608696,23.0,0.497399240732193,0.753733217716217,2,2,2,2
482,1,60,0.0,73.17,0.7272727272727273,19.25,0.3097412586212158,-0.999578893184662,1,1,1,1
483,5,142,0.0,36.49,0.656441717791411,20.375,0.388240247964859,0.5482306480407715,2,2,2,2
484,2,92,0.3260869565217391,78.18,0.616822429906542,21.4,0.3491683304309845,0.9054425954818726,1,1,1,1
485,5,137,0.0,73.71,0.6143790849673203,25.5,0.3267300724983215,-0.9696581959724426,2,2,2,2
486,4,174,0.0172413793103448,-88.22,0.5942857142857143,175.0,0.0,0.991105020046234,1,1,2,2
487,2,113,0.0,75.61,0.6524822695035462,15.666666666666666,0.3597965836524963,-0.9997617602348328,1,1,0,1
488,4,147,0.0,-28.52,0.7019867549668874,75.5,0.0,-0.9918305277824402,2,2,2,2
489,4,96,0.0520833333333333,55.78,0.7087378640776699,25.75,0.442305326461792,0.9979228377342224,2,1,2,1
490,3,147,0.1904761904761904,46.61,0.6257668711656442,27.166666666666668,0.5211734771728516,0.6402861475944519,2,2,1,1
491,3,125,0.008,-72.33,0.78125,128.0,0.0,-0.997266411781311,2,2,2,2
492,2,81,0.0864197530864197,55.03,0.6842105263157895,19.0,0.3341003060340881,-0.9997581839561462,2,1,0,1
493,3,128,0.2578125,52.9,0.6875,20.571428571428573,0.3343512117862701,-0.9979267120361328,2,1,1,1
494,4,140,0.0,47.18,0.6358024691358025,18.0,0.341129720211029,-0.9820722937583924,2,2,2,2
495,4,152,0.0,88.16,0.5666666666666667,20.0,0.2488386780023574,0.7541499733924866,2,1,2,1
496,3,141,0.0141843971631205,-54.73,0.7342657342657343,143.0,0.0,0.9316407442092896,1,1,1,1
497,3,99,0.0303030303030303,-4.65,0.7358490566037735,106.0,0.0,-0.9989249110221864,2,1,0,1
498,3,137,0.0,37.2,0.673202614379085,19.125,0.3731781542301178,0.9719003438949584,2,1,2,2
499,3,157,0.0573248407643312,-87.89,0.6708074534161491,161.0,0.0,0.9892482161521912,2,2,2,1
500,4,139,0.0,59.74,0.6535947712418301,21.857142857142858,0.3283607959747314,-0.9021236896514891,2,2,2,2
501,3,122,0.0,36.89,0.6842105263157895,19.0,0.3864854872226715,0.9997410178184508,1,1,0,1
502,5,172,0.0755813953488372,28.64,0.6666666666666666,19.5,0.4000245630741119,0.8266907334327698,2,2,2,2
503,4,76,0.0,18.35,0.7380952380952381,21.0,0.442102700471878,0.9971200227737428,2,2,2,2
504,4,86,0.0348837209302325,-32.74,0.7752808988764045,89.0,0.0,0.9919400811195374,2,1,2,1
505,5,169,0.0,37.4,0.6421052631578947,19.0,0.3540034592151642,-0.9740883111953736,2,2,2,2
506,3,163,0.0858895705521472,70.02,0.5597826086956522,20.444444444444443,0.3308826684951782,-0.9979825019836426,2,2,2,2
507,3,140,0.2571428571428571,38.92,0.6687898089171974,17.444444444444443,0.4498690068721771,-0.9918875098228456,2,1,1,1
508,3,93,0.0,44.14,0.696078431372549,20.4,0.4351181089878082,0.9984074234962464,2,2,2,2
509,3,135,0.0814814814814814,45.86,0.6346153846153846,19.5,0.4144805371761322,0.8416593074798584,2,2,2,2
510,3,58,0.4482758620689655,14.46,0.7272727272727273,16.5,0.3240213096141815,-0.9947393536567688,2,1,1,1
511,2,89,0.0786516853932584,44.95,0.77,20.0,0.4956586062908172,-0.9964309930801392,2,1,1,1
512,2,111,0.081081081081081,80.72,0.6615384615384615,18.571428571428573,0.2433346211910247,0.7827780842781067,1,1,1,1
513,3,142,0.0,82.44,0.6097560975609756,16.4,0.3010904192924499,0.9757518768310548,2,2,2,2
514,4,85,0.0,20.38,0.75,19.2,0.4817243218421936,0.9996132254600524,2,2,2,2
515,5,172,0.0,49.62,0.5918367346938775,16.333333333333332,0.4314555525779724,0.9910122156143188,2,2,2,2
516,2,137,0.0,82.95,0.5857988165680473,16.9,0.2718621790409088,-0.9985324144363404,1,1,1,1
517,3,68,0.0147058823529411,74.22,0.7297297297297297,24.666666666666668,0.438506007194519,0.9995649456977844,1,1,1,1
518,2,120,0.0,62.58,0.6617647058823529,19.428571428571427,0.3235412538051605,-0.999502420425415,2,1,0,1
519,2,70,0.0285714285714285,35.95,0.8783783783783784,37.0,0.0,0.9702084064483644,1,1,1,1
520,4,105,0.2,53.51,0.7094017094017094,19.5,0.4099650382995605,0.9713266491889954,2,1,2,1
521,3,122,0.0,72.87,0.708029197080292,17.125,0.3683913946151733,0.9986379742622375,2,2,2,2
522,5,140,0.0,45.25,0.6496815286624203,19.625,0.4401837885379791,0.998785436153412,2,2,2,2
523,3,102,0.0,48.2,0.6890756302521008,17.0,0.4586101770401001,0.8326476812362671,2,1,2,1
524,3,148,0.0,75.44,0.6047904191616766,23.857142857142858,0.4898111224174499,0.7359158396720886,2,2,1,1
525,3,152,0.006578947368421,-22.59,0.7088607594936709,79.0,0.0,-0.9873753786087036,2,1,2,1
526,3,155,0.0,55.74,0.651685393258427,17.8,0.3644443154335022,0.9997732043266296,1,1,1,1
527,2,152,0.0,79.7,0.5697674418604651,19.11111111111111,0.3096030950546264,0.9367451667785645,2,1,0,1
528,2,93,0.0,72.66,0.7115384615384616,17.333333333333332,0.4242400527000427,0.99944406747818,2,1,1,1
529,3,175,0.0,77.16,0.6127450980392157,22.666666666666668,0.3737075626850128,-0.9899168610572816,2,2,2,2
530,2,129,0.0,63.59,0.6710526315789473,19.0,0.3522396385669708,-0.9735978841781616,2,1,1,1
531,4,71,0.0,-25.98,0.7746478873239436,71.0,0.0,0.9993451237678528,1,1,1,1
532,3,152,0.1973684210526315,60.65,0.650887573964497,21.125,0.332314133644104,-0.9994955062866212,1,1,1,1
533,3,114,0.0175438596491228,-35.78,0.7272727272727273,121.0,0.0,-0.532599151134491,1,1,1,1
534,2,112,0.0,46.78,0.725925925925926,19.285714285714285,0.2830116748809814,-0.9995911717414856,2,1,1,1
535,4,93,0.1720430107526881,77.98,0.7184466019417476,20.6,0.196659043431282,-0.6156702041625977,1,1,1,1
536,3,174,0.2471264367816092,51.89,0.6528497409326425,21.444444444444443,0.2812598049640655,-0.9873514771461488,1,1,1,1
537,2,73,0.0,73.58,0.725,16.0,0.3733439445495605,0.9991081357002258,1,1,1,1
538,4,189,0.0052910052910052,79.4,0.5852534562211982,19.727272727272727,0.3937722444534302,0.9846383929252625,2,2,2,2
539,3,170,0.0,45.76,0.5925925925925926,18.9,0.2993859946727752,0.996797740459442,2,2,2,2
540,4,69,0.0,20.08,0.75,20.0,0.3560647070407867,0.9992302656173706,1,1,2,1
541,3,48,0.0416666666666666,30.2,0.9230769230769232,26.0,0.5366886854171753,0.9697027802467346,1,1,1,1
542,3,124,0.0,42.0,0.6808510638297872,23.5,0.3948411345481872,0.9900131225585938,2,2,2,2
543,4,130,0.1153846153846153,46.47,0.6778523489932886,18.625,0.4967608451843261,0.995187759399414,2,2,2,2
544,4,115,0.0,43.53,0.6640625,21.33333333333333,0.3987322449684143,0.991027295589447,2,1,1,1
545,3,145,0.0896551724137931,80.51,0.6196319018404908,18.11111111111111,0.4007591307163238,0.7041625380516052,1,1,2,1
546,3,81,0.0,63.49,0.7333333333333333,18.0,0.3815532922744751,0.8406554460525513,2,1,1,1
547,3,112,0.2678571428571428,88.97,0.6240601503759399,19.0,0.3066747486591339,-0.9607676863670348,1,1,1,1
548,2,116,0.0603448275862069,64.85,0.6985294117647058,27.2,0.3949168622493744,-0.5031450986862183,1,1,1,1
549,3,96,0.0,38.32,0.6902654867256637,18.83333333333333,0.4323108792304992,0.9987732768058776,2,1,2,1
550,2,52,0.0,1.78,0.8490566037735849,53.0,0.0,-0.8546163439750671,1,1,1,1
551,4,146,0.0,44.44,0.6748466257668712,20.375,0.3975166380405426,0.9991711378097534,2,2,2,2
552,4,122,0.081967213114754,38.25,0.696969696969697,26.4,0.3761519193649292,-0.8808044195175171,2,2,2,2
553,3,201,0.0597014925373134,35.98,0.5877192982456141,20.727272727272727,0.4553879797458648,-0.9995689988136292,2,2,1,1
554,5,103,0.0,54.02,0.7297297297297297,18.5,0.5559198260307312,0.999531626701355,2,1,2,1
555,2,99,0.0,54.76,0.717948717948718,29.25,0.2600059807300567,-0.9983470439910888,1,1,1,1
556,5,139,0.0215827338129496,-60.14,0.6756756756756757,148.0,0.0,-0.8142520785331726,2,2,2,2
557,4,88,0.0,36.69,0.7216494845360825,19.4,0.3762459456920624,0.9900184869766236,2,2,2,2
558,3,113,0.0265486725663716,-43.23,0.7521367521367521,117.0,0.0,-0.9957273006439208,1,1,2,1
559,3,115,0.2869565217391304,63.29,0.6766917293233082,19.0,0.3411124050617218,-0.7562723755836487,2,1,1,1
560,2,20,0.0,25.8,0.9,20.0,0.0,0.9954492449760436,1,1,1,1
561,2,159,0.1257861635220125,83.36,0.6243386243386243,17.181818181818183,0.2137298583984375,0.9909654855728148,1,1,1,1
562,4,162,0.1049382716049382,38.11,0.6612021857923497,18.3,0.4543553292751312,0.9903427362442015,2,2,2,2
563,5,114,0.1052631578947368,38.01,0.6984126984126984,18.0,0.3699944019317627,-0.991557240486145,2,2,2,2
564,3,58,0.0862068965517241,60.35,0.6865671641791045,22.33333333333333,0.4173201322555542,-0.999559223651886,1,1,1,1
565,2,155,0.0,74.42,0.6067415730337079,25.428571428571427,0.222604751586914,-0.9973130822181702,2,2,1,1
566,2,154,0.2337662337662337,51.89,0.672316384180791,25.285714285714285,0.267523854970932,-0.999321460723877,2,1,1,1
567,2,44,0.25,75.03,0.8,22.5,0.3707906305789947,-0.9776608943939208,1,1,1,1
568,5,143,0.0559440559440559,-82.14,0.6783216783216783,143.0,0.0,0.9874260425567628,2,2,2,2
569,3,157,0.1019108280254777,34.66,0.6363636363636364,22.0,0.5323023796081543,0.999721109867096,1,1,2,1
570,4,114,0.0087719298245614,-52.7,0.8017241379310345,116.0,0.0,0.9997574687004088,2,1,2,1
571,2,117,0.0,73.51,0.7076923076923077,26.0,0.3307430744171142,0.9995880722999572,2,2,2,2
572,3,55,0.0,32.09,0.796875,16.0,0.3782830536365509,0.9989126920700072,2,1,2,1
573,3,68,0.0147058823529411,27.84,0.8529411764705882,68.0,0.0,0.9991230368614196,1,1,1,1
574,3,139,0.0863309352517985,53.81,0.6234567901234568,20.25,0.4456092417240143,0.983096480369568,2,2,2,2
575,5,112,0.3214285714285714,27.11,0.6666666666666666,20.5,0.3361457884311676,0.9588823914527892,2,2,2,2
576,3,148,0.1891891891891892,21.75,0.6510067114093959,74.5,0.0,-0.6521217823028564,1,1,1,1
577,3,161,0.0745341614906832,36.39,0.6222222222222222,20.0,0.4537123143672943,-0.9987414479255676,2,2,1,1
578,4,61,0.0,64.41,0.7536231884057971,17.25,0.3359329998493194,0.9974199533462524,2,2,2,2
579,4,87,0.0,36.89,0.7422680412371134,19.4,0.4066513478755951,0.9968032836914062,2,1,2,1
580,3,233,0.0,77.16,0.5854545454545454,22.916666666666668,0.339176207780838,0.9778621196746826,2,2,1,1
581,5,184,0.0,35.88,0.583732057416268,20.9,0.4621831476688385,0.979662835597992,2,2,2,2
582,3,47,0.0,78.85,0.75,10.4,0.3032121360301971,0.9957666397094728,1,1,1,1
583,3,146,0.2534246575342466,35.98,0.6369047619047619,21.0,0.462747186422348,-0.9880565404891968,2,1,1,1
584,4,119,0.1008403361344537,47.89,0.6940298507462687,16.75,0.4147772490978241,0.9989226460456848,2,2,2,2
585,3,115,0.0956521739130434,46.37,0.6717557251908397,18.714285714285715,0.4005769491195678,0.9868611693382264,1,1,2,1
586,4,185,0.0054054054054054,25.39,0.6213592233009708,22.88888888888889,0.3630358278751373,0.9981369972229004,2,2,2,2
587,4,117,0.1111111111111111,48.2,0.6884057971014492,17.25,0.3177042603492737,-0.9986785054206848,2,2,2,2
588,4,40,0.0,49.52,0.7608695652173914,15.333333333333334,0.4452036619186401,0.998029887676239,2,1,0,1
589,4,70,0.4857142857142857,34.22,0.7073170731707317,13.666666666666666,0.3553585410118103,-0.9940793514251708,2,1,1,1
590,3,150,0.0,46.06,0.6705882352941176,18.88888888888889,0.4052318334579468,0.9939961433410645,2,2,2,2
591,4,129,0.0,27.42,0.6827586206896552,20.714285714285715,0.3947101533412933,0.9281760454177856,2,1,2,2
592,3,120,0.2083333333333333,71.04,0.6716417910447762,19.142857142857142,0.2546116411685943,0.992680847644806,2,1,1,1
593,5,199,0.0753768844221105,44.64,0.5921052631578947,20.727272727272727,0.4126651585102081,0.9929205775260924,2,2,2,2
594,4,115,0.0,56.86,0.6343283582089553,16.75,0.2745389640331268,-0.9900959730148317,2,2,2,2
595,4,181,0.0883977900552486,65.46,0.63,25.0,0.3515647351741791,0.9854187965393066,2,2,2,2
596,4,192,0.0052083333333333,77.27,0.5801886792452831,21.2,0.344520092010498,0.9705165028572084,2,2,2,2
597,4,98,0.0,38.01,0.6727272727272727,18.33333333333333,0.5191043019294739,0.8835835456848145,2,2,2,2
598,5,108,0.0,32.39,0.7380952380952381,15.75,0.4008700549602508,-0.7033658027648926,2,2,2,2
599,2,218,0.0,68.3,0.5590551181102362,23.09090909090909,0.4478071630001068,0.8581746220588684,2,1,2,1
600,3,118,0.1101694915254237,68.4,0.6642335766423357,22.83333333333333,0.3752769827842712,-0.9981858134269714,2,1,1,1
601,4,96,0.3958333333333333,40.65,0.7431192660550459,15.571428571428571,0.1803789287805557,-0.9983285069465636,2,1,1,1
602,3,92,0.0760869565217391,35.88,0.68,20.0,0.4891097843647003,0.997552454471588,2,2,2,2
603,4,96,0.0,38.32,0.7009345794392523,17.833333333333332,0.3979422152042389,0.9983166456222534,2,2,2,2
604,3,107,0.0093457943925233,-11.76,0.6851851851851852,108.0,0.0,0.999627947807312,1,2,2,1
605,3,88,0.125,74.53,0.7157894736842105,23.75,0.4380033016204834,0.9988436698913574,1,1,2,1
606,4,166,0.0060240963855421,69.72,0.5828877005347594,20.77777777777778,0.3579987585544586,0.9814283847808838,2,2,2,2
607,3,95,0.1052631578947368,0.43,0.7474747474747475,99.0,0.0,-0.7109714150428772,2,1,1,1
608,2,171,0.2690058479532163,45.66,0.625,20.0,0.3633735179901123,-0.9977896213531494,1,1,0,1
609,5,167,0.0,50.26,0.5737704918032787,22.875,0.5074877738952637,-0.5140203237533569,2,2,2,2
610,4,178,0.0898876404494382,70.43,0.628140703517588,19.9,0.377218633890152,0.9984809756278992,2,2,2,2
611,4,116,0.0,56.76,0.6515151515151515,16.5,0.331710547208786,0.991595447063446,2,2,2,2
612,3,160,0.1125,59.74,0.6120218579234973,22.875,0.3854264318943023,0.9986359477043152,2,1,1,1
613,5,190,0.0,53.92,0.6157407407407407,19.63636363636364,0.4155857563018799,0.9996172189712524,2,2,2,2
614,3,42,0.0,11.93,0.8604651162790697,43.0,0.0,0.9994338154792786,1,1,2,1
615,2,198,0.0101010101010101,67.25,0.5578512396694215,15.125,0.2074891477823257,-0.999502182006836,2,1,0,1
616,2,124,0.0241935483870967,-45.93,0.725925925925926,135.0,0.0,-0.9777315258979796,2,2,2,1
617,3,130,0.0,80.31,0.5974025974025974,19.25,0.3251917362213135,-0.7437410354614258,2,1,1,1
618,5,163,0.2269938650306748,-77.06,0.7108433734939759,166.0,0.0,-0.9673530459403992,1,1,2,1
619,5,167,0.2035928143712574,46.06,0.6596858638743456,19.1,0.4113862514495849,-0.9708750247955322,2,2,2,2
620,3,52,0.0,10.24,0.8727272727272727,55.0,0.0,0.9984051585197448,2,1,2,1
621,3,129,0.2248062015503876,55.24,0.6967741935483871,19.375,0.3167484998703003,0.9077264666557312,1,1,2,1
622,4,99,0.0,58.89,0.6779661016949152,14.75,0.3793591856956482,0.9832524061203004,2,2,2,2
623,4,143,0.1118881118881118,82.34,0.5925925925925926,16.2,0.3829736113548279,0.9882218241691588,2,1,1,1
624,4,65,0.0,49.82,0.7733333333333333,15.0,0.4976628422737121,0.9996032118797302,2,1,2,1
625,3,123,0.0,70.53,0.6170212765957447,20.142857142857142,0.3676769435405731,-0.9990742206573486,2,1,1,1
626,4,117,0.2905982905982906,31.28,0.6716417910447762,16.75,0.3692506849765777,-0.7833138704299927,2,2,2,2
627,3,59,0.0,64.91,0.7681159420289855,17.25,0.3710487782955169,-0.9925639033317566,1,1,1,1
628,4,77,0.0,60.35,0.8089887640449438,22.25,0.2323548644781112,-0.997243881225586,2,1,2,1
629,4,122,0.0491803278688524,-69.28,0.6935483870967742,124.0,0.0,0.9925714135169984,2,2,2,2
630,2,42,0.0952380952380952,62.69,0.8409090909090909,44.0,0.0,0.9982638955116272,1,1,1,1
631,5,97,0.0,63.49,0.6697247706422018,18.166666666666668,0.4274409413337707,-0.8250738978385925,2,1,2,1
632,3,95,0.1473684210526315,89.28,0.6666666666666666,18.5,0.3988827466964721,-0.9992235898971558,2,1,1,1
633,3,112,0.0,77.87,0.6875,21.33333333333333,0.353211760520935,0.7671165466308594,2,1,2,1
634,4,146,0.0,35.98,0.6358024691358025,20.25,0.4290938675403595,0.9910880327224731,2,2,2,2
635,3,93,0.0,83.36,0.6306306306306306,15.857142857142858,0.31614950299263,0.9900670051574708,1,1,1,1
636,3,171,0.0,45.66,0.6073298429319371,19.1,0.5006887316703796,0.9994636178016664,2,2,2,2
637,4,95,0.0,18.35,0.6759259259259259,21.6,0.3489932119846344,0.9975993037223816,2,2,2,2
638,2,42,0.5238095238095238,33.24,0.8409090909090909,22.0,0.438640296459198,-0.999032497406006,1,0,0,0
639,3,162,0.2222222222222222,33.95,0.6810810810810811,23.125,0.3913847208023071,-0.9976410865783693,2,1,1,1
640,5,115,0.0956521739130434,37.91,0.696969696969697,18.857142857142858,0.3924107849597931,0.9983301758766174,2,2,2,2
641,2,53,0.0,78.42,0.8,30.0,0.3132442831993103,0.9997026324272156,1,1,1,1
642,4,128,0.078125,44.44,0.6853146853146853,20.428571428571427,0.4726901352405548,0.9995406866073608,2,2,2,2
643,3,49,0.2857142857142857,44.81,0.8035714285714286,11.2,0.2221538722515106,-0.980581521987915,1,1,1,1
644,5,140,0.0,51.18,0.656441717791411,23.285714285714285,0.4052828252315521,0.9997541308403016,2,2,2,2
645,2,153,0.0326797385620915,65.96,0.6324324324324324,26.428571428571427,0.3704996705055237,0.9994811415672302,1,1,1,1
646,4,190,0.0,80.82,0.5308056872037915,17.583333333333332,0.4088899791240692,0.8281602263450623,2,2,2,2
647,3,102,0.0,79.6,0.7033898305084746,19.666666666666668,0.3483445048332214,0.7022009491920471,1,1,2,1
648,5,112,0.0357142857142857,-33.75,0.7522123893805309,113.0,0.0,-0.8218571543693542,2,1,2,1
649,2,144,0.0208333333333333,59.03,0.7,22.857142857142858,0.4320506453514099,-0.9996091723442078,2,1,1,1
650,3,77,0.0,38.92,0.7333333333333333,18.0,0.332920104265213,-0.999025583267212,2,1,1,1
651,3,82,0.0,52.23,0.7045454545454546,29.33333333333333,0.4577783346176147,0.5328513383865356,2,2,1,1
652,2,94,0.0,69.31,0.6857142857142857,21.0,0.341509461402893,0.9996943473815918,1,1,1,1
653,3,114,0.0,69.11,0.6870229007633588,21.83333333333333,0.3564247488975525,-0.996801257133484,1,1,1,1
654,4,90,0.0,39.33,0.76,16.666666666666668,0.3777312338352203,0.9970500469207764,2,1,1,1
655,5,157,0.3121019108280254,38.82,0.6836158192090396,17.7,0.3035857677459717,-0.9953966736793518,2,1,2,1
656,5,100,0.0,37.6,0.6909090909090909,18.33333333333333,0.4050380289554596,0.9991583824157716,2,2,2,2
657,4,155,0.1741935483870967,-68.94,0.6774193548387096,155.0,0.0,0.8294661045074463,2,1,2,1
658,1,30,0.0,57.95,0.8823529411764706,34.0,0.0,-0.9996738433837892,1,1,0,1
659,3,128,0.1015625,38.32,0.6805555555555556,18.0,0.4018644690513611,0.9962641596794128,2,2,2,2
660,4,206,0.0,75.95,0.5367965367965368,23.1,0.3563231229782104,0.9969356060028076,2,1,2,2
661,3,115,0.017391304347826,-52.7,0.7983193277310925,119.0,0.0,0.9796797633171082,1,1,1,1
662,3,103,0.0,-41.54,0.8207547169811321,106.0,0.0,-0.8021848797798157,1,1,1,1
663,5,192,0.0052083333333333,70.63,0.5852534562211982,19.727272727272727,0.3103962242603302,0.9117845892906188,2,2,2,2
664,3,95,0.0,80.82,0.6964285714285714,18.666666666666668,0.267225444316864,0.8766326308250427,1,1,1,1
665,4,107,0.0,36.49,0.65,20.0,0.4434515833854675,0.9877766370773317,2,2,2,2
666,4,185,0.0,64.95,0.6190476190476191,26.25,0.3295353949069977,0.9857940077781676,2,1,2,1
667,5,113,0.1238938053097345,40.24,0.6923076923076923,16.25,0.3113701641559601,-0.9122403860092164,2,2,2,2
668,4,123,0.024390243902439,-28.0,0.6923076923076923,130.0,0.0,0.9787656664848328,1,1,2,1
669,3,105,0.0,73.17,0.7368421052631579,16.285714285714285,0.4310752153396606,0.8346045017242432,2,1,1,1
670,3,141,0.0141843971631205,-46.27,0.6666666666666666,147.0,0.0,0.969203770160675,1,1,1,1
671,3,146,0.0068493150684931,78.18,0.6287425149700598,20.875,0.3451328575611114,0.8319035172462463,2,2,2,2
672,3,181,0.0,10.27,0.7230769230769231,65.0,0.0,-0.8570944666862488,2,1,2,1
673,2,50,0.0,84.17,0.734375,16.0,0.2359037399291992,-0.9957925081253052,1,1,1,1
674,4,150,0.0,52.39,0.6265060240963856,20.75,0.4275356233119964,0.9772186279296876,2,2,2,2
675,5,97,0.0,-43.91,0.7731958762886598,97.0,0.0,0.9433350563049316,2,2,2,2
676,2,113,0.0,60.85,0.6335877862595419,21.83333333333333,0.24186572432518,-0.9995494484901428,2,1,0,1
677,2,85,0.2235294117647059,62.68,0.696078431372549,20.4,0.2914667725563049,0.9702392220497132,1,1,1,1
678,3,105,0.0761904761904762,49.72,0.6638655462184874,14.875,0.2466247379779815,-0.988900899887085,2,1,0,1
679,4,109,0.018348623853211,-5.33,0.6283185840707964,113.0,0.0,0.9892892837524414,2,2,2,1
680,2,113,0.0,46.67,0.6984126984126984,18.0,0.382801204919815,-0.9992483258247375,2,2,1,1
681,5,188,0.0106382978723404,-126.8,0.6217616580310881,193.0,0.0,0.9591325521469116,2,2,2,2
682,4,133,0.0902255639097744,46.17,0.6845637583892618,18.625,0.5264532566070557,0.9239922761917114,2,2,2,2
683,3,187,0.0267379679144385,-125.78,0.643979057591623,191.0,0.0,-0.8555083870887756,1,1,2,1
684,3,136,0.0,73.81,0.6496815286624203,26.166666666666668,0.3553864359855652,0.9941144585609436,2,2,2,2
685,5,167,0.1077844311377245,52.6,0.6349206349206349,21.0,0.3391332328319549,0.9524567127227784,2,2,2,2
686,2,93,0.0,77.98,0.7567567567567568,22.2,0.1675691455602646,0.9975963234901428,1,1,1,1
687,4,122,0.081967213114754,28.43,0.6956521739130435,19.714285714285715,0.4086222648620605,0.9994736313819884,2,1,2,2
688,5,137,0.0,71.14,0.6907894736842105,19.0,0.3009306788444519,0.9949640035629272,2,2,2,2
689,3,227,0.0044052863436123,-133.56,0.5738396624472574,237.0,0.0,0.9986633062362672,2,2,2,2
690,3,161,0.3416149068322981,44.95,0.6815642458100558,19.88888888888889,0.3929049670696258,0.9830764532089232,1,1,2,1
691,2,112,0.0,72.16,0.6470588235294118,19.428571428571427,0.2880740761756897,0.9054951071739196,1,1,2,1
692,3,133,0.0,54.63,0.6493506493506493,19.25,0.3899187445640564,-0.991461992263794,2,1,1,1
693,3,64,0.125,63.7,0.7631578947368421,19.0,0.3842424154281616,0.8477937579154968,1,1,1,1
694,3,104,0.1826923076923076,58.82,0.6859504132231405,24.2,0.3292280733585357,-0.9906336069107056,1,1,2,1
695,3,193,0.005181347150259,-124.43,0.7295918367346939,196.0,0.0,0.9986916184425354,1,1,2,1
696,2,121,0.2809917355371901,67.79,0.7191780821917808,24.33333333333333,0.3020828664302826,-0.9896312355995178,1,1,0,1
697,3,83,0.0843373493975903,46.17,0.7472527472527473,18.2,0.3167439699172973,-0.9572684168815612,2,1,1,1
698,2,81,0.2098765432098765,47.29,0.7529411764705882,42.5,0.0,-0.9964654445648192,1,1,0,1
699,3,62,0.2741935483870967,80.82,0.7142857142857143,17.5,0.4556294977664947,-0.5832639932632446,1,1,1,1
700,3,43,0.0,2.45,0.9318181818181818,44.0,0.0,-0.9965826869010924,1,1,1,1
701,3,58,0.0172413793103448,-4.32,0.8524590163934426,61.0,0.0,-0.9966799020767212,2,1,2,1
702,3,95,0.0,46.98,0.6216216216216216,18.5,0.4745136797428131,-0.9990302324295044,2,1,1,1
703,2,148,0.2905405405405405,54.83,0.6045197740112994,19.666666666666668,0.369104266166687,-0.987602174282074,1,1,1,1
704,5,171,0.0,69.11,0.6387434554973822,21.22222222222222,0.3818468153476715,0.9849528670310974,2,2,2,2
705,5,101,0.0,79.8,0.717948717948718,19.5,0.3292807340621948,0.998209834098816,2,2,2,2
706,3,119,0.0,37.3,0.6492537313432836,19.142857142857142,0.439044713973999,0.9959322810173036,2,2,2,2
707,3,99,0.0,54.73,0.7117117117117117,18.5,0.3466036915779114,-0.8635075688362122,2,2,1,1
708,4,142,0.0,53.41,0.6645962732919255,20.125,0.3301430344581604,0.99921452999115,2,2,2,2
709,1,126,0.0,84.0,0.589041095890411,24.33333333333333,0.4265070557594299,-0.6813579201698303,1,1,0,1
710,4,132,0.0,49.15,0.6351351351351351,24.666666666666668,0.4842284321784973,0.5397616028785706,2,2,2,2
711,3,162,0.0,33.95,0.6775956284153005,22.875,0.4886807799339294,0.9971031546592712,2,2,2,2
712,2,120,0.0166666666666666,-32.4,0.7007874015748031,127.0,0.0,-0.9994041919708252,2,1,0,1
713,3,128,0.015625,58.32,0.6875,24.0,0.481671005487442,0.9043072462081908,1,1,1,1
714,3,142,0.0,65.52,0.6526946107784432,16.7,0.3238389790058136,-0.9433069825172424,2,2,1,1
715,2,112,0.2678571428571428,38.32,0.736,17.857142857142858,0.4385282099246979,0.8943824768066406,1,1,1,1
716,3,119,0.0,72.7,0.6564885496183206,26.2,0.390061616897583,0.9944106936454772,2,2,2,2
717,2,105,0.0095238095238095,-26.65,0.7850467289719626,107.0,0.0,-0.9992002844810486,1,1,0,1
718,2,146,0.0,83.36,0.5965909090909091,16.0,0.3167912364006042,-0.9945225715637208,1,1,1,1
719,5,118,0.0847457627118644,47.99,0.6992481203007519,16.625,0.3818460404872894,-0.7338380217552185,2,2,2,2
720,4,111,0.0,27.32,0.7786885245901639,20.33333333333333,0.3902053833007812,0.9843786358833312,2,2,2,2
721,4,131,0.0687022900763358,-44.58,0.7196969696969697,132.0,0.0,0.9935116171836852,1,1,2,1
722,2,147,0.0952380952380952,50.16,0.6441717791411042,23.285714285714285,0.3501535952091217,0.8695436120033264,2,1,1,1
723,3,161,0.0,70.23,0.639344262295082,20.33333333333333,0.2573744356632232,0.990664839744568,2,2,1,1
724,2,62,0.0,92.73,0.6714285714285714,14.0,0.2595888376235962,-0.7875995635986328,1,1,1,1
725,4,102,0.0,16.93,0.7433628318584071,22.6,0.4245257377624511,0.9965280890464784,2,2,2,2
726,4,129,0.0,38.21,0.6575342465753424,18.25,0.4981895685195923,0.9989446997642516,2,2,2,2
727,3,188,0.0053191489361702,79.5,0.6098654708520179,20.272727272727277,0.3168730437755584,-0.9721665978431702,2,1,1,1
728,2,162,0.0493827160493827,-76.04,0.6829268292682927,164.0,0.0,0.9769493937492372,1,1,2,1
729,3,183,0.2240437158469945,61.26,0.5825688073394495,21.8,0.3054731786251068,0.986152172088623,1,1,1,1
730,2,174,0.1666666666666666,73.68,0.5980861244019139,17.416666666666668,0.3063853979110718,-0.9975641965866088,1,1,1,1
731,5,131,0.0,27.11,0.6554054054054054,21.142857142857142,0.4999416470527649,-0.9965813755989076,2,2,2,2
732,2,54,0.0,57.77,0.8,15.0,0.2593269348144531,0.9989176988601683,1,1,1,1
733,2,65,0.0,74.83,0.7051282051282052,26.0,0.2722583711147308,-0.9958190321922302,1,1,1,1
734,3,134,0.1194029850746268,46.37,0.6805555555555556,18.0,0.3396752476692199,0.6000251770019531,2,2,1,1
735,4,95,0.0,46.98,0.7027027027027027,18.5,0.5246065258979797,0.8457695245742798,2,2,2,2
736,5,171,0.0994152046783625,79.5,0.5842105263157895,19.0,0.3699679672718048,0.9719042778015136,2,2,2,2
737,4,82,0.0,54.83,0.6631578947368421,19.0,0.4971546828746795,0.9996719360351562,2,1,1,1
738,4,76,0.0,2.8,0.8289473684210527,76.0,0.0,-0.531593382358551,2,1,2,1
739,5,140,0.0,19.87,0.6981132075471698,19.875,0.4073244035243988,0.9797682166099548,2,2,2,2
740,4,112,0.2232142857142857,-42.21,0.7033898305084746,118.0,0.0,-0.9595953822135924,2,1,1,1
741,4,107,0.0,47.49,0.6554621848739496,17.0,0.4026552438735962,0.9914646744728088,2,2,2,2
742,3,89,0.0,39.53,0.6923076923076923,17.333333333333332,0.3347023427486419,0.996277391910553,2,1,1,1
743,2,105,0.2571428571428571,50.16,0.6991869918699187,24.6,0.3012405335903168,-0.9830961227416992,1,1,1,1
744,5,129,0.0232558139534883,19.37,0.7058823529411765,45.333333333333336,0.4996929764747619,0.9801108241081238,1,2,2,2
745,5,148,0.0,80.21,0.5748502994011976,18.55555555555556,0.3627415001392364,-0.7495430111885071,2,2,2,2
746,4,116,0.3017241379310345,43.43,0.7401574803149606,21.166666666666668,0.4636981189250946,-0.973633587360382,1,1,2,1
747,3,63,0.0,63.9,0.8082191780821918,18.25,0.2728195786476135,0.996957302093506,2,1,2,1
748,4,147,0.2312925170068027,33.24,0.6730769230769231,22.285714285714285,0.4201009273529053,-0.9520018100738524,2,2,2,2
749,4,46,0.0,39.67,0.8541666666666666,24.0,0.0,0.804293155670166,1,1,2,1
750,3,106,0.0,49.96,0.6974789915966386,23.8,0.4408984780311584,-0.9733105301856996,2,1,1,1
751,2,37,0.0,42.07,0.813953488372093,14.333333333333334,0.2978619933128357,0.9997885823249816,1,1,0,1
752,2,104,0.2115384615384615,70.84,0.7398373983739838,17.571428571428573,0.319336324930191,-0.7973503470420837,1,1,0,1
753,3,135,0.0,74.02,0.6086956521739131,26.83333333333333,0.3849731087684631,0.5536908507347107,2,1,1,1
754,5,168,0.0059523809523809,-99.05,0.6331360946745562,169.0,0.0,0.9273532032966614,2,2,2,2
755,3,120,0.0916666666666666,54.12,0.6343283582089553,19.142857142857142,0.4402227103710174,0.902089297771454,2,2,2,2
756,3,64,0.015625,67.15,0.7123287671232876,14.6,0.3058426976203918,0.9555121064186096,2,1,1,1
757,2,106,0.0,45.05,0.717948717948718,19.5,0.4524460434913635,0.9887479543685912,2,1,1,1
758,3,130,0.0,63.39,0.64,18.75,0.3582909405231476,-0.999406099319458,2,2,1,1
759,2,107,0.02803738317757,-28.68,0.7192982456140351,114.0,0.0,-0.9983988404273988,2,1,0,1
760,1,86,0.0,1.11,0.7906976744186046,86.0,0.0,0.9996891021728516,1,1,1,1
761,4,78,0.0,24.44,0.7471264367816092,14.5,0.3411615490913391,0.996353030204773,2,1,2,2
762,2,90,0.0,56.25,0.77,16.666666666666668,0.3436004519462585,-0.947161078453064,2,1,2,1
763,2,116,0.0,71.55,0.6592592592592592,19.285714285714285,0.3722844421863556,0.9994813799858092,1,1,0,1
764,4,124,0.1290322580645161,72.66,0.7372262773722628,17.125,0.2738441228866577,0.9934515953063964,2,2,2,2
765,2,78,0.0,81.02,0.7111111111111111,18.0,0.459755927324295,-0.9994296431541444,1,1,0,1
766,3,191,0.0,35.17,0.6401869158878505,21.4,0.4243862926959991,0.9197033643722534,1,1,1,1
767,2,36,0.0,17.0,0.8048780487804879,13.666666666666666,0.5028233528137207,0.9987659454345704,1,1,1,1
768,3,208,0.1009615384615384,79.3,0.5755102040816327,20.416666666666668,0.288126677274704,-0.9564032554626464,2,2,2,2
769,5,130,0.0,35.68,0.6486486486486487,21.142857142857142,0.3772879838943481,0.9970698356628418,2,2,2,2
770,3,165,0.006060606060606,7.19,0.672514619883041,57.0,0.6603813171386719,-0.9916184544563292,2,2,2,2
771,5,107,0.2710280373831775,76.32,0.6422764227642277,13.666666666666666,0.3001023828983307,-0.90791118144989,1,1,1,1
772,3,133,0.3308270676691729,64.81,0.6730769230769231,17.333333333333332,0.3201666474342346,-0.5835257172584534,1,1,1,1
773,3,149,0.2684563758389262,45.9,0.6568047337278107,28.166666666666668,0.3820095658302307,-0.918691635131836,2,1,2,1
774,3,106,0.0,56.15,0.712,17.857142857142858,0.4199977815151214,0.997269332408905,1,1,1,1
775,4,152,0.0,79.7,0.5568862275449101,18.55555555555556,0.4766233563423157,-0.949853241443634,1,1,2,1
776,3,163,0.2085889570552147,44.75,0.6149732620320856,20.77777777777778,0.2884663939476013,0.651078462600708,2,1,1,1
777,4,58,0.1206896551724138,51.24,0.7647058823529411,13.6,0.3590961098670959,0.9903181791305542,2,1,2,1
778,3,158,0.2784810126582278,36.69,0.6586826347305389,18.55555555555556,0.3907030522823334,-0.9937766790390016,2,1,2,1
779,3,114,0.2105263157894736,48.5,0.6764705882352942,17.0,0.2684471011161804,0.7515459060668945,1,1,1,1
780,3,176,0.0,51.58,0.605,22.22222222222222,0.3355039954185486,0.5378226637840271,2,2,1,1
781,3,114,0.0,80.31,0.6461538461538462,18.571428571428573,0.2902620732784271,0.9625117182731628,2,2,2,2
782,3,103,0.3689320388349514,45.76,0.6942148760330579,20.166666666666668,0.2433676272630691,-0.9992333650588988,2,2,0,1
783,4,79,0.0379746835443038,-17.18,0.8271604938271605,81.0,0.0,0.9989423155784608,1,1,1,1
784,3,116,0.0,34.97,0.676923076923077,21.666666666666668,0.4781035780906677,0.9997528195381165,1,1,2,2
785,4,101,0.0,-56.43,0.7623762376237624,101.0,0.0,-0.8624592423439026,1,1,2,1
786,3,107,0.205607476635514,17.17,0.7844827586206896,58.0,0.0,-0.9884212017059326,2,2,2,1
787,3,110,0.0181818181818181,-23.26,0.7413793103448276,116.0,0.0,0.848606288433075,1,1,1,1
788,2,44,0.0681818181818181,40.69,0.9166666666666666,24.0,0.3053113222122192,0.9776228070259094,2,1,1,1
789,5,120,0.0,81.63,0.6131386861313869,17.125,0.3801515996456146,0.994904637336731,2,2,2,2
790,3,138,0.0,76.86,0.6346153846153846,22.285714285714285,0.3976833522319793,0.9985260367393494,2,1,1,1
791,3,72,0.0,48.4,0.7283950617283951,16.2,0.2964194118976593,0.9564959406852722,1,1,1,1
792,3,97,0.0,34.86,0.7522935779816514,21.8,0.5023229718208313,0.9995535016059875,1,1,1,1
793,5,100,0.33,94.05,0.6379310344827587,12.88888888888889,0.2682614326477051,-0.9918843507766724,1,1,1,1
794,3,135,0.0,82.48,0.625,25.33333333333333,0.3084740936756134,0.9961563944816588,1,1,1,1
795,3,133,0.0,54.63,0.6862745098039216,19.125,0.3749198913574219,-0.6925682425498962,2,2,1,1
796,3,141,0.0,36.69,0.65,20.0,0.3632443249225616,-0.663284420967102,2,2,2,2
797,3,154,0.0,37.2,0.6390532544378699,18.77777777777778,0.4384132027626037,0.9995623230934144,1,2,2,2
798,1,102,0.0,68.47,0.6747967479674797,13.666666666666666,0.209364503622055,0.9477612376213074,1,1,1,1
799,3,188,0.0,60.85,0.5825242718446602,20.6,0.4233937859535217,0.9991003274917604,2,1,2,1
800,3,183,0.1092896174863388,54.63,0.6201923076923077,18.90909090909091,0.3770573437213897,0.9904541969299316,2,1,1,1
801,5,175,0.0,43.32,0.6082474226804123,21.55555555555556,0.4872094690799713,0.9984554052352904,2,2,2,2
802,3,122,0.0,42.41,0.6691176470588235,22.666666666666668,0.4389573931694031,-0.9977248311042786,2,2,2,2
803,2,103,0.0,54.02,0.6916666666666667,20.0,0.3336452543735504,0.9850695729255676,2,1,1,1
804,4,135,0.037037037037037,-48.64,0.6666666666666666,138.0,0.0,0.8919969797134399,1,1,2,1
805,5,155,0.1870967741935484,47.28,0.6536312849162011,17.9,0.3031775653362274,0.9934820532798768,2,2,2,2
806,3,143,0.0,36.39,0.639751552795031,20.125,0.4875596165657043,0.998301088809967,2,1,2,1
807,5,112,0.4821428571428571,29.86,0.7,18.571428571428573,0.3299954831600189,-0.9912179112434388,2,1,2,1
808,3,136,0.0,37.3,0.6733333333333333,18.75,0.4987111389636993,0.9996023774147034,2,2,2,2
809,3,163,0.0061349693251533,-93.98,0.7559523809523809,168.0,0.0,-0.7266249060630798,2,1,1,1
810,2,139,0.079136690647482,-44.24,0.6736111111111112,144.0,0.0,-0.9986916184425354,2,1,0,1
811,3,77,0.0,72.76,0.6931818181818182,17.6,0.4038723707199096,-0.9983806610107422,2,1,1,1
812,3,45,0.4,26.17,0.9591836734693876,12.25,0.2943019866943359,-0.99443382024765,2,1,2,1
813,3,45,0.0,22.41,0.7777777777777778,18.0,0.4086262881755829,0.994780957698822,2,1,2,1
814,4,143,0.0769230769230769,36.39,0.6477987421383647,19.875,0.4795404970645904,0.9973854422569276,2,2,2,2
815,2,117,0.0,54.52,0.6742424242424242,18.857142857142858,0.4443473815917969,0.9996944665908812,1,1,2,1
816,4,174,0.0172413793103448,81.83,0.5566502463054187,16.916666666666668,0.4103922843933105,-0.9946405291557312,2,1,1,1
817,4,213,0.0,82.44,0.551440329218107,16.2,0.4059611558914184,0.8136112689971924,2,2,2,2
818,4,214,0.116822429906542,70.33,0.5686274509803921,21.25,0.3311140537261963,0.660838782787323,2,2,2,2
819,2,107,0.1775700934579439,87.35,0.6721311475409836,20.33333333333333,0.2635785937309265,-0.8936026096343994,1,1,1,1
820,3,127,0.1102362204724409,58.42,0.6442953020134228,24.83333333333333,0.3565641045570373,0.9985265731811525,1,1,2,1
821,2,81,0.0,66.23,0.6822429906542056,17.833333333333332,0.2285281866788864,0.9718434810638428,1,1,0,1
822,2,119,0.0084033613445378,68.3,0.6717557251908397,21.83333333333333,0.4711770117282867,0.999679446220398,1,1,1,1
823,2,56,0.0,57.27,0.7464788732394366,17.75,0.2890858948230743,-0.9147931337356568,1,1,1,1
824,4,183,0.0327868852459016,-97.36,0.6421052631578947,190.0,0.0,0.9499005675315856,2,2,2,2
825,3,138,0.0,73.51,0.6025641025641025,26.0,0.3005949854850769,-0.9539240598678588,2,2,2,2
826,5,123,0.0,55.84,0.6805555555555556,18.0,0.36563840508461,0.9980212450027466,2,2,2,2
827,3,100,0.0,46.14,0.7572815533980582,34.333333333333336,0.7666904926300049,0.9982959628105164,1,1,1,1
828,4,118,0.0,56.45,0.6453900709219859,17.625,0.2807535231113434,-0.9908950328826904,2,1,2,2
829,3,126,0.0079365079365079,82.54,0.5985915492957746,15.77777777777778,0.3226284682750702,0.9992819428443908,1,1,2,1
830,4,175,0.0171428571428571,-89.24,0.6502732240437158,183.0,0.0,-0.989293098449707,1,1,2,1
831,3,169,0.0059171597633136,79.6,0.6091370558375635,19.7,0.3619924485683441,0.9883337020874025,2,2,2,2
832,3,134,0.0,69.01,0.6357615894039735,21.571428571428573,0.3882269561290741,0.9981718063354492,2,1,2,1
833,4,111,0.2342342342342342,40.48,0.7063492063492064,25.2,0.2929519116878509,0.9701537489891052,2,2,1,1
834,4,156,0.0,34.76,0.6742857142857143,21.875,0.3871208131313324,0.6115446090698242,2,2,2,2
835,5,181,0.0939226519337016,46.27,0.5841584158415841,18.363636363636363,0.4708398580551147,0.9984719157218932,2,2,2,2
836,5,198,0.0,71.65,0.6367713004484304,18.58333333333333,0.3407644927501678,0.9968661665916444,2,2,2,2
837,3,53,0.1132075471698113,41.06,0.7580645161290323,15.5,0.3486956655979156,0.9947513937950134,2,1,1,1
838,4,108,0.1203703703703703,81.22,0.6302521008403361,17.0,0.3514680564403534,-0.8973256945610046,2,1,1,1
839,4,173,0.0,70.84,0.5654450261780105,19.1,0.4109454751014709,-0.9992565512657166,2,2,2,2
840,2,147,0.3537414965986394,33.24,0.65,25.714285714285715,0.37436643242836,-0.5459829568862915,1,1,1,1
841,2,27,0.037037037037037,28.17,0.8846153846153846,26.0,0.0,0.9996731281280518,1,1,1,1
842,5,128,0.0,24.48,0.6853146853146853,23.83333333333333,0.4409618377685547,0.9995385408401488,2,2,2,2
843,2,137,0.0875912408759124,34.86,0.7115384615384616,22.285714285714285,0.5077789425849915,0.9972566962242126,1,1,2,1
844,3,87,0.0,40.89,0.7551020408163265,24.5,0.5922869443893433,0.9993042945861816,2,1,1,1
845,1,127,0.0078740157480314,75.61,0.6442953020134228,14.9,0.3213868141174316,0.9976434111595154,1,1,0,1
846,4,97,0.0,38.11,0.6728971962616822,17.833333333333332,0.4257152676582336,0.9984641075134276,2,1,2,1
847,1,55,0.0181818181818181,-43.58,0.9464285714285714,56.0,0.0,0.9997358918190002,1,1,1,1
848,5,170,0.0058823529411764,-40.19,0.7094972067039106,89.5,0.5846742391586304,0.993128538131714,2,1,2,1
849,4,117,0.0598290598290598,29.14,0.6461538461538462,18.571428571428573,0.4783688485622406,0.9979597330093384,2,2,2,2
850,3,124,0.0,-71.31,0.6774193548387096,124.0,0.0,0.9986976385116576,1,1,2,2
851,4,158,0.0949367088607595,48.54,0.6277777777777778,25.714285714285715,0.4662570357322693,-0.9963244795799256,2,2,2,2
852,3,36,0.4444444444444444,42.38,0.902439024390244,13.666666666666666,0.3046410381793976,-0.997696578502655,1,1,1,1
853,3,139,0.1079136690647482,85.12,0.6153846153846154,22.285714285714285,0.3390328884124756,-0.7524582743644714,2,1,1,1
854,5,131,0.0,35.57,0.673469387755102,21.0,0.3842248022556305,0.8364595174789429,2,2,2,2
855,5,140,0.0714285714285714,64.75,0.6298701298701299,25.666666666666668,0.3004104495048523,0.9985648989677428,2,2,2,2
856,4,150,0.0,37.6,0.611764705882353,18.88888888888889,0.461843729019165,0.998828947544098,2,2,2,2
857,1,97,0.0,93.03,0.5981308411214953,13.375,0.4308378100395202,0.9979946613311768,1,1,1,1
858,5,122,0.2868852459016393,47.38,0.65,17.5,0.2898335456848144,0.6929199695587158,2,1,1,1
859,4,95,0.0,-41.88,0.7578947368421053,95.0,0.0,0.999326229095459,2,2,2,2
860,4,136,0.0,81.53,0.643312101910828,17.444444444444443,0.5107079744338989,0.997056007385254,2,1,2,1
861,4,180,0.0944444444444444,76.56,0.6218905472636815,22.33333333333333,0.4155493974685669,0.9947773218154908,2,2,2,2
862,4,106,0.0188679245283018,-2.28,0.6636363636363637,110.0,0.0,0.9995720982551576,1,1,1,1
863,5,141,0.0,62.07,0.6728395061728395,20.25,0.3956146240234375,0.6739090085029602,2,2,2,2
864,2,136,0.0,47.69,0.6580645161290323,17.22222222222222,0.3600271940231323,0.99982088804245,1,2,1,1
865,2,122,0.1229508196721311,42.41,0.6153846153846154,23.83333333333333,0.3598200678825378,-0.9553391933441162,1,1,1,1
866,3,93,0.0,72.66,0.7403846153846154,17.333333333333332,0.3997675478458404,0.9990729093551636,1,1,2,1
867,3,64,0.203125,83.29,0.7777777777777778,24.0,0.4333454966545105,-0.9991551637649536,1,1,1,1
868,3,150,0.0266666666666666,-89.24,0.6923076923076923,156.0,0.0,0.8562091588973999,2,1,1,1
869,3,103,0.0097087378640776,-41.54,0.8095238095238095,105.0,0.0,-0.9987873435020448,1,1,1,1
870,5,213,0.0046948356807511,-127.81,0.6435185185185185,216.0,0.0,0.9914429783821106,2,2,2,2
871,5,151,0.086092715231788,37.5,0.6608187134502924,19.0,0.4960975646972656,0.9992231130599976,2,2,2,2
872,3,92,0.2826086956521739,39.03,0.7307692307692307,17.333333333333332,0.3868670463562011,-0.9874007105827332,2,2,1,1
873,2,152,0.2631578947368421,45.86,0.7176470588235294,18.88888888888889,0.3476788401603699,-0.9973176121711732,1,1,0,1
874,4,50,0.0,58.79,0.711864406779661,14.75,0.3827492892742157,0.9621785879135132,2,2,2,2
875,3,205,0.0,77.98,0.5851528384279476,20.818181818181817,0.3710257411003113,0.9977458119392396,2,2,2,2
876,2,75,0.08,20.73,0.7654320987654321,81.0,0.0,-0.999588429927826,2,1,1,1
877,3,49,0.0,29.55,0.8620689655172413,19.33333333333333,0.3605289161205292,0.9975333213806152,2,1,2,1
878,3,51,0.0,37.3,0.8596491228070176,19.0,0.3418194949626922,0.9701744914054872,2,1,2,1
879,2,129,0.0,83.76,0.5816993464052288,15.3,0.3239922225475311,-0.9992547631263732,1,1,1,1
880,4,122,0.0983606557377049,45.35,0.6159420289855072,19.714285714285715,0.4195415079593658,0.9982725381851196,2,2,2,2
881,5,136,0.0073529411764705,-14.48,0.676056338028169,71.0,0.5067729949951172,0.9555492401123048,2,2,2,2
882,5,107,0.3551401869158878,28.03,0.6890756302521008,19.83333333333333,0.456573337316513,0.7342783808708191,2,2,2,2
883,5,155,0.2258064516129032,26.4,0.632768361581921,22.125,0.433840274810791,0.9828013777732848,2,1,2,2
884,4,86,0.0,45.56,0.7157894736842105,19.0,0.4446418881416321,0.9859267473220824,2,1,2,1
885,5,101,0.2574257425742574,34.05,0.7079646017699115,22.6,0.3825151622295379,0.9800437688827516,2,2,2,2
886,3,111,0.3693693693693693,55.34,0.6692913385826772,18.142857142857142,0.4480195045471191,0.9831218123435974,1,1,2,1
887,2,115,0.3043478260869565,60.65,0.7007874015748031,21.166666666666668,0.3390129506587982,-0.9994766116142272,2,1,0,1
888,2,92,0.2608695652173913,52.8,0.6601941747572816,20.6,0.3925643563270569,-0.9745939373970032,1,1,1,1
889,4,114,0.0,-52.7,0.7107438016528925,121.0,0.0,0.9796133041381836,2,2,2,2
890,5,155,0.0,47.28,0.6306818181818182,17.6,0.3998999297618866,0.9922532439231871,2,2,2,2
891,4,89,0.0,28.03,0.74,20.0,0.3994640409946441,0.9589357376098632,2,2,2,2
892,4,166,0.1204819277108433,64.61,0.5916230366492147,17.363636363636363,0.3138922452926636,0.9987685084342957,2,2,2,2
893,2,108,0.0,81.22,0.6564885496183206,18.714285714285715,0.3841213285923004,-0.9534355401992798,1,1,0,1
894,5,133,0.0,35.27,0.6551724137931034,20.714285714285715,0.3968920707702636,0.9905943870544434,2,2,2,2
895,2,116,0.0,31.38,0.6940298507462687,16.75,0.4310283064842224,0.9997703433036804,1,1,2,1
896,4,119,0.0,45.76,0.6716417910447762,19.142857142857142,0.317147821187973,0.9222160577774048,2,2,2,2
897,5,125,0.008,33.42,0.6535433070866141,63.5,0.0,0.9970000386238098,1,1,2,1
898,4,119,0.0,90.19,0.6474820143884892,17.375,0.3491138815879822,-0.9782572984695436,2,1,1,1
899,4,78,0.0,51.68,0.7093023255813954,21.5,0.4506835043430328,0.9946405291557312,2,2,2,2
900,5,254,0.1929133858267716,77.06,0.5901060070671378,21.76923076923077,0.3323834240436554,-0.9898071885108948,2,2,2,2
901,5,202,0.0,35.88,0.6008771929824561,20.727272727272727,0.3808174133300781,0.9953250885009766,2,2,2,2
902,2,36,0.0277777777777777,26.48,0.9210526315789472,38.0,0.0,0.9982497096061708,1,1,1,1
903,5,265,0.0716981132075471,-180.59,0.6064981949458483,277.0,0.0,-0.9685947895050048,2,2,2,2
904,2,245,0.1428571428571428,70.63,0.5,21.571428571428573,0.2841547727584839,-0.9993484616279602,1,1,1,1
905,3,115,0.2695652173913043,15.68,0.7338709677419355,41.333333333333336,0.467890590429306,0.997968852519989,2,2,2,1
906,5,91,0.0879120879120879,47.59,0.6666666666666666,17.5,0.5044846534729004,0.998885214328766,2,2,2,2
907,4,140,0.0071428571428571,39.37,0.7368421052631579,25.33333333333333,0.4220796525478363,0.9687675833702089,2,2,2,2
908,3,110,0.0,24.11,0.7631578947368421,57.0,0.522114634513855,0.9771227836608888,2,1,2,1
909,3,200,0.0,-114.61,0.6421568627450981,204.0,0.0,-0.9994261264801024,2,2,1,1
910,3,139,0.0,31.01,0.6560509554140127,26.166666666666668,0.3673289120197296,0.6082050800323486,2,1,2,1
911,4,176,0.0,68.5,0.6269430051813472,21.444444444444443,0.3258512914180755,-0.7252130508422852,2,2,2,2
912,3,195,0.0,46.71,0.618421052631579,28.5,0.442112922668457,0.9985502362251282,1,1,2,2
913,3,76,0.3421052631578947,43.93,0.7764705882352941,21.25,0.2982324659824371,-0.9480997920036316,1,1,1,1
914,3,134,0.1716417910447761,28.85,0.6618705035971223,69.5,0.5315336585044861,-0.894939661026001,1,1,1,1
915,2,124,0.0,33.54,0.6739130434782609,23.0,0.4502237737178802,0.9952735304832458,1,1,0,1
916,4,146,0.0068493150684931,69.72,0.6646706586826348,20.875,0.2974174320697784,-0.9993340373039246,2,2,2,2
917,3,179,0.0223463687150838,5.51,0.6613756613756614,94.5,0.0,0.9989814162254332,2,2,1,1
918,4,125,0.0,55.64,0.6351351351351351,18.5,0.3655511438846588,0.9607504606246948,2,1,2,2
919,3,111,0.054054054054054,-7.36,0.6814159292035398,113.0,0.0,0.9996970891952516,1,1,1,1
920,3,119,0.0840336134453781,45.76,0.7299270072992701,19.571428571428573,0.4183149337768554,0.9959760308265686,2,1,1,1
921,3,106,0.0,78.89,0.6101694915254238,19.666666666666668,0.4340441823005676,0.998420238494873,1,1,2,1
922,4,118,0.1610169491525423,88.16,0.6417910447761194,19.142857142857142,0.2811892330646515,0.9954362511634828,1,1,2,1
923,5,119,0.0,37.3,0.6717557251908397,18.714285714285715,0.4581618010997772,0.9972447156906128,2,2,2,2
924,2,96,0.0,35.07,0.6972477064220184,21.8,0.3565763831138611,0.9774092435836792,1,1,1,1
925,4,98,0.2448979591836734,48.81,0.6545454545454545,15.714285714285714,0.2886520028114319,0.9031864404678344,2,1,2,1
926,1,36,0.0,44.75,0.8536585365853658,20.5,0.5054919123649597,0.839457094669342,1,0,1,1
927,3,175,0.2971428571428571,-106.16,0.7262569832402235,179.0,0.0,-0.9942071437835692,1,1,1,1
928,4,97,0.0,48.91,0.6851851851851852,15.428571428571429,0.2981064021587372,0.9311577081680298,2,2,2,2
929,3,101,0.0,23.02,0.6782608695652174,16.428571428571427,0.4461828470230102,0.9997785687446594,1,1,1,1
930,3,66,0.0,80.11,0.7402597402597403,19.25,0.460505723953247,-0.939708411693573,1,1,1,1
931,4,143,0.0069930069930069,-90.6,0.6827586206896552,145.0,0.0,0.9995306730270386,2,2,2,2
932,5,195,0.0,40.99,0.6291079812206573,23.666666666666668,0.4845389425754547,0.9439273476600648,2,2,2,2
933,5,145,0.0,61.56,0.6526946107784432,20.875,0.4719297885894775,0.996860146522522,2,2,2,2
934,4,139,0.0935251798561151,47.38,0.660377358490566,17.666666666666668,0.4001049399375915,0.997982382774353,2,2,2,2
935,2,49,0.0204081632653061,63.53,0.7704918032786885,30.5,0.2435917556285858,-0.9997022747993468,1,1,0,1
936,3,142,0.0140845070422535,-47.28,0.7054794520547946,146.0,0.0,-0.98372620344162,2,2,2,1
937,5,202,0.0,35.88,0.6283185840707964,20.545454545454547,0.4007262289524078,0.9941885471343994,2,2,2,2
938,4,161,0.0,36.39,0.6685393258426966,19.77777777777778,0.3690970838069916,0.9995929598808287,1,1,2,2
939,2,92,0.0,44.34,0.7452830188679245,21.2,0.488886684179306,0.9977152347564696,1,1,2,1
940,4,113,0.0,80.51,0.6461538461538462,18.571428571428573,0.44019615650177,0.9914957284927368,1,1,2,1
941,4,156,0.1858974358974359,79.3,0.569060773480663,20.11111111111111,0.3488124907016754,0.9929117560386658,1,1,2,1
942,2,137,0.0875912408759124,68.5,0.65,22.857142857142858,0.3630611002445221,0.9983773231506348,2,1,1,1
943,2,63,0.1428571428571428,67.15,0.7307692307692307,15.6,0.3319131731986999,-0.995172679424286,1,1,1,1
944,5,126,0.0079365079365079,44.75,0.6428571428571429,20.0,0.3531741797924042,0.9803431630134584,2,2,2,2
945,2,159,0.0,53.61,0.5945945945945946,20.55555555555556,0.3461993038654327,-0.9273832440376282,2,2,2,2
946,4,106,0.0094339622641509,-27.66,0.7037037037037037,108.0,0.0,0.9851412773132324,2,1,2,1
947,3,102,0.284313725490196,54.22,0.75,19.33333333333333,0.3403621017932892,0.9929732084274292,1,1,2,1
948,3,117,0.0,43.22,0.6764705882352942,22.666666666666668,0.5231092572212219,0.9694990515708924,2,1,1,1
949,3,111,0.0,46.88,0.717741935483871,17.714285714285715,0.4068816900253296,0.8350554704666138,1,2,2,1
950,3,176,0.0,43.12,0.6633165829145728,22.11111111111111,0.399657279253006,0.9959171414375304,2,2,2,2
951,5,118,0.0,81.83,0.6691729323308271,16.625,0.2811324298381805,-0.9558663964271544,2,1,2,1
952,4,165,0.2727272727272727,56.25,0.6368421052631579,17.272727272727273,0.4244914352893829,-0.9178979396820068,2,1,2,2
953,2,117,0.1965811965811965,-14.46,0.6363636363636364,132.0,0.0,-0.9988182187080384,1,1,1,1
954,3,85,0.3058823529411765,39.84,0.7083333333333334,16.0,0.3355481028556824,-0.9994864463806152,1,1,1,1
955,3,153,0.0588235294117647,-58.45,0.7204968944099379,161.0,0.0,-0.9755818843841552,2,2,1,1
956,3,125,0.0,44.85,0.6689655172413793,20.714285714285715,0.3273538947105407,-0.9995399713516236,2,2,1,1
957,4,248,0.1370967741935483,67.28,0.5483870967741935,23.25,0.2315431386232376,-0.9821847081184388,1,1,2,1
958,3,141,0.1914893617021276,-54.73,0.6733333333333333,150.0,0.0,-0.9992969036102296,1,1,1,1
959,5,166,0.0,27.42,0.6473684210526316,21.11111111111111,0.3747277557849884,0.9877098798751832,2,2,2,2
960,4,93,0.086021505376344,52.6,0.7169811320754716,21.2,0.4221705198287964,0.9949164390563964,2,2,2,2
961,4,107,0.0093457943925233,-11.76,0.7522123893805309,113.0,0.0,0.9957613348960876,2,2,2,2
962,4,137,0.0,43.12,0.6538461538461539,22.285714285714285,0.4446864128112793,-0.9846579432487488,2,2,2,2
963,3,108,0.0,19.37,0.704,20.83333333333333,0.3808815479278564,0.9996830224990844,1,1,1,1
964,5,128,0.0859375,44.44,0.6620689655172414,20.714285714285715,0.4581983685493469,0.9987773299217224,2,2,2,2
965,3,97,0.0,57.37,0.6814159292035398,16.142857142857142,0.47644904255867,0.9987941980361938,2,1,2,1
966,4,133,0.0,77.57,0.6418918918918919,21.142857142857142,0.3055934011936188,0.9986155033111572,2,1,1,1
967,4,104,0.048076923076923,-42.55,0.7403846153846154,104.0,0.0,0.9983437061309814,2,1,2,1
968,5,238,0.0042016806722689,61.36,0.6278195488721805,20.46153846153846,0.3263182938098907,0.9811829328536988,2,2,2,2
969,4,134,0.3134328358208955,45.96,0.6493506493506493,19.25,0.3261659741401672,-0.9756149053573608,2,2,2,2
970,5,150,0.2066666666666666,79.9,0.5748502994011976,18.55555555555556,0.3312554955482483,0.7546104788780212,2,2,2,2
971,5,141,0.2624113475177305,31.68,0.6707317073170732,16.4,0.3689035177230835,-0.9695789217948914,2,2,2,2
972,3,126,0.2698412698412698,27.83,0.6688741721854304,21.571428571428573,0.3278242349624634,-0.993338108062744,1,1,2,1
973,2,172,0.0930232558139534,58.11,0.6108374384236454,25.375,0.3462954461574554,-0.9757413864135742,1,1,2,1
974,2,153,0.0,40.79,0.6588235294117647,24.285714285714285,0.5063162446022034,0.999583661556244,1,1,2,2
975,5,189,0.0,52.29,0.6465116279069767,21.5,0.4865244030952453,0.9959017634391784,2,2,2,2
976,5,135,0.0148148148148148,40.38,0.66,25.0,0.4428331255912781,0.99724280834198,2,2,2,2
977,2,97,0.1958762886597938,84.57,0.5517241379310345,14.5,0.2481653243303299,-0.9978304505348206,1,1,0,1
978,4,123,0.0,-61.84,0.7154471544715447,123.0,0.0,-0.6910113096237183,2,1,2,1
979,4,121,0.0,45.46,0.6691176470588235,19.428571428571427,0.3620764911174774,0.9934967756271362,2,2,2,2
980,2,103,0.3009708737864077,59.03,0.680672268907563,23.8,0.2895016372203827,-0.9987416863441468,1,1,1,1
981,5,126,0.0,-64.88,0.7142857142857143,126.0,0.0,0.9910238981246948,2,2,2,2
982,3,112,0.0,80.62,0.6240601503759399,19.0,0.2758845090866089,0.9986525774002076,1,1,1,1
983,3,146,0.0684931506849315,9.05,0.7161290322580646,38.75,0.5233129262924194,0.9985741376876832,1,1,2,1
984,2,74,0.0675675675675675,56.45,0.7857142857142857,16.8,0.388283222913742,-0.9806259870529176,1,1,1,1
985,5,169,0.0059171597633136,-108.53,0.6764705882352942,170.0,0.0,0.9876606464385986,1,1,2,2
986,4,97,0.2577319587628865,60.24,0.6981132075471698,21.2,0.3775886595249176,-0.9560707807540894,1,1,1,1
987,4,99,0.0,37.81,0.7053571428571429,18.666666666666668,0.2997153997421264,0.9990463852882384,2,2,2,2
988,3,45,0.0222222222222222,17.34,0.875,48.0,0.0,0.9972373247146606,2,1,1,1
989,4,152,0.006578947368421,37.5,0.672514619883041,19.0,0.410222977399826,0.9996007084846495,2,2,2,2
990,4,148,0.0878378378378378,37.91,0.6331360946745562,18.77777777777778,0.3960071206092834,0.9981581568717957,2,2,2,2
991,3,117,0.0,88.36,0.6538461538461539,18.571428571428573,0.4047041833400726,0.6412531733512878,1,1,1,1
992,5,131,0.1145038167938931,69.41,0.6802721088435374,21.0,0.333417683839798,0.983493447303772,2,2,2,2
993,4,92,0.0978260869565217,39.03,0.7238095238095238,17.5,0.4201890826225281,0.9978888630867004,2,2,2,2
994,3,128,0.0078125,80.62,0.6041666666666666,18.0,0.3150964677333832,-0.9908158779144288,2,1,1,1
995,2,101,0.0,68.57,0.6287878787878788,14.666666666666666,0.268044114112854,0.9968223571777344,1,1,1,1
996,5,163,0.0,46.47,0.6290322580645161,18.6,0.3694463074207306,0.9958410859107972,2,2,2,2
997,5,92,0.0,94.96,0.6415094339622641,11.77777777777778,0.2337599992752075,0.9911378026008606,2,1,2,1
998,2,88,0.0795454545454545,-9.39,0.7311827956989247,93.0,0.0,-0.9993677735328674,1,1,0,1
999,2,38,0.0,43.73,0.9090909090909092,22.0,0.0990493968129158,0.9951175451278688,1,0,1,1
